Kanji,Romaji
一番,ichiban
一つ,hitotsu
一緒,issho
甲乙,kouotsu
早乙女,saotome
乙姫,otohime
九州,kyuushuu
北九州,kitakyuushuu
十中八九,jitchuuhakku
七夕,tanabata
七つ,nanatsu
七不思議,nanafushigi
十分,juubun
不十分,fujuubun
十字架,juujika
人間,ningen
個人,kojin
日本人,nihonjin
丁寧,teinei
丁度,choudo
丁目,choume
太刀打ち,tachiuchi
太刀,tachi
秋刀魚,sanma
二つ,futatsu
二度と,nidoto
二月,nigatsu
入れ,ire
購入,kounyuu
入り,iri
八王子,hachiouji
八百屋,yaoya
四苦八苦,shikuhakku
又は,mataha
又もや,matamoya
終了,shuuryou
完了,kanryou
了承,ryoushou
入力,nyuuryoku
能力,nouryoku
協力,kyouryoku
以下,ika
下さい,kudasai
下記,kaki
若干,jakkan
干し,hoshi
干渉,kanshou
丸い,marui
丸ごと,marugoto
丸く,maruku
久しぶり,hisashiburi
久々,hisabisa
耐久,taikyuu
及び,oyobi
普及,fukyuu
言及,genkyuu
弓道,kyuudou
真弓,mayumi
弓なり,yuminari
頭巾,zukin
雑巾,zoukin
巾着,kinchaku
自己,jiko
利己,riko
自己流,jikoryuu
人口,jinkou
口座,kouza
窓口,madoguchi
工場,koujou
工事,kouji
工夫,kufuu
乞食,kojiki
物乞い,monogoi
雨乞い,amagoi
才能,sainou
天才,tensai
漫才,manzai
三つ,mittsu
三角,sankaku
第三者,daisansha
沢山,takusan
登山,tozan
富士山,fujisan
同士,doushi
博士,hakase
弁護士,bengoshi
子供,kodomo
様子,yousu
原子力,genshiryoku
彼女,kanojo
女性,josei
女の子,onnanoko
小さな,chiisana
小さい,chiisai
小説,shousetsu
以上,ijou
上げ,age
上記,jouki
大丈夫,daijoubu
丈夫,joubu
頑丈,ganjou
刃物,hamono
諸刃,moroha
付け焼刃,tsukeyakiba
寸前,sunzen
寸法,sunpou
一寸,issun
夕方,yuugata
夕食,yuushoku
夕飯,yuuhan
千葉,chiba
千秋楽,senshuuraku
千切り,sengiri
川柳,senryuu
小川,ogawa
川崎,kawasaki
大きな,ookina
大変,taihen
大きく,ookiku
土地,tochi
土曜日,doyoubi
土産,miyage
死亡,shibou
滅亡,metsubou
亡くなる,nakunaru
平凡,heibon
凡人,bonjin
凡庸,bon'you
万が一,mangaichi
万能,bannou
万年筆,mannenhitsu
与え,atae
与える,ataeru
給与,kyuuyo
取引,torihiki
引き,hiki
引用,in'you
日本円,nihon'en
円滑,enkatsu
円形,enkei
王子,ouji
女王,joou
王国,oukoku
変化,henka
文化,bunka
進化,shinka
花火,hanabi
火曜日,kayoubi
火力,karyoku
象牙,zouge
牙城,gajou
毒牙,dokuga
紹介,shoukai
介護,kaigo
介入,kainyuu
稲刈り,inekari
草刈り,kusakari
刈る,karu
牛乳,gyuunyuu
牛肉,gyuuniku
和牛,wagyuu
凶悪,kyouaku
凶暴,kyoubou
元凶,genkyou
斤量,kinryou
地区,chiku
区別,kubetsu
区域,kuiki
欠点,ketten
不可欠,fukaketsu
欠け,kake
ヶ月,kagetsu
今月,kongetsu
３月,sangatsu
愛犬,aiken
子犬,koinu
狛犬,komainu
元気,genki
地元,jimoto
元々,motomoto
幻想,gensou
幻覚,genkaku
幻影,gen'ei
神戸,koube
江戸,edo
戸惑い,tomadoi
五月,satsuki
五輪,gorin
五感,gokan
お互い,otagai
相互,sougo
互換,gokan
午後,gogo
午前,gozen
正午,shougo
公開,koukai
主人公,shujinkou
公園,kouen
勾配,koubai
勾留,kouryuu
瞳孔,doukou
孔子,koushi
孔雀,kujaku
今日,kyou
今回,konkai
今年,kotoshi
支援,shien
支持,shiji
支配,shihai
止め,todome
停止,teishi
禁止,kinshi
彼氏,kareshi
氏名,shimei
同氏,doushi
尺度,shakudo
尺八,shakuhachi
縮尺,shukushaku
相手,aite
選手,senshu
勝手,katte
収録,shuuroku
収入,shuunyuu
収集,shuushuu
一升瓶,isshoubin
少し,sukoshi
少ない,sukunai
もう少し,mousukoshi
冗談,joudan
冗長,jouchou
冗語,jougo
心配,shinpai
中心,chuushin
安心,anshin
杏仁,kyounin
仁王立ち,nioudachi
御仁,gojin
水分,suibun
水道,suidou
清水,shimizu
天井,tenjou
井戸,ido
筒井,tsutsui
大切,taisetsu
切れ,kire
一切,issai
双方,souhou
双子,futago
双方向,souhoukou
太陽,taiyou
太平洋,taiheiyou
太鼓,taiko
丹念,tannen
牡丹,botan
丹精,tansei
中国,chuugoku
途中,tochuu
中心,chuushin
弔い,tomurai
弔辞,chouji
弔問,choumon
爪跡,tsumeato
爪楊枝,tsumayouji
深爪,fukazume
天気,tenki
天然,tennen
天才,tensai
北斗七星,hokutoshichisei
熨斗,noshi
北斗星,hokutosei
駐屯,chuuton
屯所,tonsho
内容,naiyou
国内,kokunai
内部,naibu
匂い,nioi
匂わせる,niowaseru
匂う,niou
日本,nihon
今日,kyou
昨日,kinou
反応,hannou
反対,hantai
反省,hansei
比べ,kurabe
比較,hikaku
比較的,hikakuteki
匹敵,hitteki
一匹狼,ippikiookami
不安,fuan
不思議,fushigi
不足,fusoku
大丈夫,daijoubu
夫婦,fuufu
工夫,kufuu
父親,chichioya
お父さん,otousan
親父,oyaji
仏教,bukkyou
仏語,futsugo
仏像,butsuzou
自分,jibun
部分,bubun
気分,kibun
文字,moji
文化,bunka
文章,bunshou
片付け,katazuke
片手,katate
片方,katahou
方法,houhou
一方,ippou
方々,katagata
貧乏,binbou
乏しい,toboshii
貧乏人,binbounin
木曜日,mokuyoubi
木々,kigi
木曜,mokuyou
脱毛,datsumou
髪の毛,kaminoke
毛穴,keana
厄介,yakkai
厄払い,yakuharai
災厄,saiyaku
友達,tomodachi
友人,yuujin
親友,shin'yuu
予定,yotei
予想,yosou
予約,yoyaku
六角形,rokkakkei
六つ,muttsu
四六時中,shirokujichuu
圧力,atsuryoku
圧倒的,attouteki
電圧,den'atsu
以上,ijou
以外,igai
以前,izen
左右,sayuu
右側,migigawa
右手,migite
永遠,eien
永久,eikyuu
安永,an'ei
凹む,hekomu
凹凸,outotsu
凹み,kubomi
中央,chuuou
中央アジア,chuuouajia
震央,shin'ou
参加,sanka
追加,tsuika
増加,zouka
可能,kanou
可愛い,kawaii
不可能,fukanou
瓦礫,gareki
煉瓦,renga
瓦解,gakai
以外,igai
海外,kaigai
外国,gaikoku
且つ,katsu
刊行,kankou
創刊,soukan
週刊,shuukan
甘い,amai
甘え,amae
甘味,amami
砂丘,sakyuu
丘陵,kyuuryou
比丘,biku
復旧,fukkyuu
旧来,kyuurai
旧作,kyuusaku
過去,kako
去年,kyonen
除去,jokyo
巨大,kyodai
巨人,kyojin
巨額,kyogaku
目玉,medama
埼玉,saitama
玉ねぎ,tamanegi
俳句,haiku
句集,kushuu
文句,monku
兄弟,kyoudai
兄さん,niisan
兄ちゃん,anchan
毛穴,keana
落とし穴,otoshiana
穴場,anaba
玄関,genkan
玄米,genmai
玄人,kurouto
古い,furui
名古屋,nagoya
中古,chuuko
成功,seikou
功績,kouseki
功利,kouri
巧み,takumi
巧妙,koumyou
技巧,gikou
広告,koukoku
広い,hiroi
広く,hiroku
甲斐,kai
甲状腺,koujousen
甲冑,katchuu
番号,bangou
信号,shingou
記号,kigou
書き込み,kakikomi
申し込み,moushikomi
込み,komi
左右,sayuu
左側,hidarigawa
左手,hidarite
冊子,sasshi
短冊,tanzaku
別冊,bessatsu
札幌,sapporo
改札,kaisatsu
入札,nyuusatsu
灰皿,haizara
受け皿,ukezara
小皿,kozara
仕事,shigoto
仕方,shikata
仕様,shiyou
歴史,rekishi
史上,shijou
女史,joshi
上司,joushi
寿司,sushi
司会,shikai
四国,shikoku
四月,yotsuki
四季,shiki
市場,ichiba
市民,shimin
都市,toshi
矢先,yasaki
矢印,yajirushi
矢継ぎ早,yatsugibaya
表示,hyouji
展示,tenji
示し,shimeshi
叱り,shikari
叱咤,shitta
叱責,shisseki
失敗,shippai
失礼,shitsurei
失業,shitsugyou
写真,shashin
描写,byousha
写生,shasei
主義,shugi
主張,shuchou
主人公,shujinkou
囚人,shuujin
囚徒,shuuto
味噌汁,misoshiru
果汁,kajuu
煮汁,nijiru
出来,shuttai
出し,dashi
出来る,dekiru
処理,shori
対処,taisho
何処,doko
召喚,shoukan
召し,meshi
召集,shoushuu
尻尾,shippo
尻目,shirime
目尻,mejiri
申し訳,moushiwake
申請,shinsei
申し込み,moushikomi
世界,sekai
世代,sedai
世の中,yononaka
正直,shoujiki
正しい,tadashii
修正,shuusei
生活,seikatsu
先生,sensei
生き,iki
排斥,haiseki
石油,sekiyu
流石,sasuga
石鹸,sekken
仙台,sendai
歌仙,kasen
仙人,sennin
占い,uranai
独占,dokusen
占める,shimeru
その他,sonohoka
他人,tanin
他者,tasha
打っ,bu
打つ,utsu
打ち合わせ,uchiawase
時代,jidai
代表,daihyou
現代,gendai
舞台,butai
台風,taifuu
仙台,sendai
旦那,danna
一旦,ittan
元旦,gantan
省庁,shouchou
警視庁,keishichou
県庁,kenchou
田舎,inaka
上田,jouden
田んぼ,tanbo
奴隷,dorei
奴ら,yatsura
冷奴,hiyayakko
冬場,fuyuba
真冬,mafuyu
冬休み,fuyuyasumi
凹凸,outotsu
凸凹,dekoboko
凸レンズ,totsurenzu
天丼,tendon
うな丼,unadon
釈迦牟尼,shakamuni
尼寺,amadera
陀羅尼,darani
面白い,omoshiroi
白い,shiroi
面白,omoshiro
半分,hanbun
後半,kouhan
時半,jihan
氾濫,hanran
犯罪,hanzai
犯人,hannin
犯行,hankou
皮膚,hifu
皮肉,hiniku
毛皮,kegawa
必要,hitsuyou
必ず,kanarazu
必死,hisshi
かき氷,kakigoori
氷結,hyouketsu
氷室,koorimuro
付け,tsuke
付き,tsuki
付近,fukin
配布,haifu
布団,futon
財布,saifu
支払い,shiharai
払う,harau
払い,harai
平和,heiwa
平均,heikin
平成,heisei
周辺,shuuhen
辺り,atari
近辺,kinpen
弁当,bentou
弁護士,bengoshi
勘弁,kanben
お母さん,okaasan
母親,hahaoya
祖母,sobo
包丁,houchou
包み,tsutsumi
包括,houkatsu
北海道,hokkaidou
東北,touhoku
北朝鮮,kitachousen
日本,nihon
本当に,hontouni
基本,kihon
端末,tanmatsu
週末,shuumatsu
年末,nenmatsu
未来,mirai
未だに,imadani
未だ,mada
国民,kokumin
市民,shimin
住民,juumin
矛盾,mujun
矛先,hokosaki
目的,mokuteki
目標,mokuhyou
注目,chuumoku
理由,riyuu
自由,jiyuu
経由,keiyu
幼稚園,youchien
幼い,osanai
幼児,youji
利用,riyou
使用,shiyou
用意,youi
立ち,tachi
立場,tachiba
立て,tate
命令,meirei
司令,shirei
指令,shirei
失礼,shitsurei
お礼,orei
礼拝,reihai
扱い,atsukai
扱う,atsukau
取り扱い,toriatsukai
安全,anzen
不安,fuan
安心,anshin
衣装,ishou
浴衣,yukata
衣類,irui
里芋,satoimo
芋虫,imomushi
焼き芋,yakiimo
印象,inshou
印刷,insatsu
封印,fuuin
原因,gen'in
要因,youin
因みに,chinamini
宇宙,uchuu
宇宙船,uchuusen
小宇宙,shouuchuu
羽目,hame
手羽,teba
羽音,haoto
汚染,osen
汚れ,kegare
汚い,kitanai
仮想,kasou
仮に,karini
仮定,katei
今回,konkai
前回,zenkai
次回,jikai
灰色,haiiro
灰皿,haizara
死の灰,shinohai
会社,kaisha
社会,shakai
機会,kikai
各種,kakushu
各地,kakuchi
各国,kakkoku
汗だく,asedaku
冷や汗,hiyaase
発汗,hakkan
缶詰,kanzume
空き缶,akikan
ドラム缶,doramukan
企業,kigyou
企画,kikaku
企て,kuwadate
歌舞伎,kabuki
歌舞伎座,kabukiza
危険,kiken
危機,kiki
危ない,abunai
机上,kijou
文机,fuzukue
気持ち,kimochi
気分,kibun
雰囲気,fun'iki
諭吉,yukichi
吉日,kichijitsu
大吉,daikichi
休み,yasumi
休憩,kyuukei
連休,renkyuu
呼吸,kokyuu
吸収,kyuushuu
吸血鬼,kyuuketsuki
老朽,roukyuu
不朽,fukyuu
脱臼,dakkyuu
石臼,ishiusu
共有,kyouyuu
共通,kyoutsuu
と共に,totomoni
叫び,sakebi
叫ぶ,sakebu
絶叫,zekkyou
信仰,shinkou
仰る,ossharu
仰天,gyouten
作曲,sakkyoku
楽曲,gakkyoku
名曲,meikyoku
刑事,keiji
死刑,shikei
刑務所,keimusho
血液,ketsueki
血糖,kettou
血管,kekkan
事件,jiken
条件,jouken
案件,anken
交換,koukan
交流,kouryuu
交通,koutsuu
観光,kankou
光景,koukei
太陽光,taiyoukou
向け,muke
方向,houkou
傾向,keikou
皇后,kougou
好き,suki
大好き,daisuki
好み,konomi
江戸,edo
堀江,horie
江戸城,edojou
考え,kangae
考える,kangaeru
参考,sankou
行く,iku
行き,iki
行動,koudou
場合,baai
合わせ,awase
試合,shiai
再生,saisei
再び,futatabi
再度,saido
現在,genzai
存在,sonzai
滞在,taizai
趣旨,shushi
旨み,umami
要旨,youshi
死ぬ,shinu
必死,hisshi
死亡,shibou
毛糸,keito
糸口,itoguchi
抜糸,basshi
至る,itaru
至り,itari
至福,shifuku
文字,moji
数字,suuji
漢字,kanji
お寺,otera
寺院,jiin
寺社,jisha
次に,tsugini
次回,jikai
次第,shidai
耳鳴り,miminari
耳障り,mimizawari
耳鼻,jibi
自分,jibun
自身,jishin
自然,shizen
形式,keishiki
公式,koushiki
方式,houshiki
芝居,shibai
芝生,shibafu
紙芝居,kamishibai
守る,mamoru
守り,mori
保守,hoshu
朱雀,suzaku
朱色,shuiro
朱鳥,shuchou
九州,kyuushuu
欧州,oushuu
満州,manshuu
小舟,kobune
助け舟,tasukebune
舟運,shuuun
充実,juujitsu
充電,juuden
補充,hojuu
中旬,chuujun
下旬,gejun
上旬,joujun
巡り,meguri
巡る,meguru
巡回,junkai
如何,dou
如く,gotoku
突如,totsujo
師匠,shishou
巨匠,kyoshou
意匠,ishou
色々,iroiro
色んな,ironna
景色,keshiki
尽くし,zukushi
尽きる,tsukiru
尽くす,tsukusu
迅速,jinsoku
作成,sakusei
成功,seikou
成長,seichou
関西,kansai
西洋,seiyou
東西,touzai
舌鼓,shitatsuzumi
饒舌,jouzetsu
毒舌,dokuzetsu
先生,sensei
先日,senjitsu
先週,senshuu
全く,mattaku
全て,subete
全体,zentai
壮大,soudai
壮絶,souzetsu
強壮,kyousou
早く,hayaku
早い,hayai
早速,sassoku
戦争,sensou
競争,kyousou
争い,arasoi
存在,sonzai
保存,hozon
依存,izon
多く,ooku
多い,ooi
多分,tabun
自宅,jitaku
帰宅,kitaku
住宅,juutaku
団体,dantai
集団,shuudan
布団,futon
地域,chiiki
地球,chikyuu
地震,jishin
電池,denchi
乾電池,kandenchi
溜池,tameike
竹林,chikurin
竹の子,takenoko
爆竹,bakuchiku
仲間,nakama
仲良く,nakayoku
仲良し,nakayoshi
虫歯,mushiba
幼虫,youchuu
昆虫,konchuu
兆し,kizashi
兆候,choukou
前兆,zenchou
伝え,tsutae
伝統,dentou
伝える,tsutaeru
吐き気,hakike
吐く,tsuku
嘔吐,outo
点灯,tentou
電灯,dentou
灯台,toudai
本当に,hontouni
当時,touji
当然,touzen
同じ,onaji
同時に,doujini
同様,douyou
筋肉,kinniku
肉体,nikutai
皮肉,hiniku
責任,sekinin
任せ,makase
就任,shuunin
今年,kotoshi
年間,nenkan
昨年,sakunen
美肌,bihada
鳥肌,torihada
肌寒い,hadasamui
討伐,toubatsu
伐採,bassai
間伐,kanbatsu
帆走,hansou
帆立貝,hotategai
帆船,hansen
汎用,han'you
王妃,ouhi
百貨店,hyakkaten
八百屋,yaoya
百科,hyakka
伏線,fukusen
腕立て伏せ,udetatefuse
起伏,kifuku
米国,beikoku
欧米,oubei
北米,hokubei
忙しい,isogashii
多忙,tabou
大忙し,ooisogashi
素朴,soboku
朴訥,bokutotsu
毎日,mainichi
毎年,maitoshi
毎回,maikai
名前,namae
有名,yuumei
名古屋,nagoya
妄想,mousou
妄執,moushuu
迷妄,meimou
有名,yuumei
共有,kyouyuu
有効,yuukou
山羊,yagi
羊羹,youkan
羊歯,shida
官吏,kanri
両方,ryouhou
両親,ryoushin
車両,sharyou
列車,ressha
行列,gyouretsu
系列,keiretsu
劣化,rekka
劣る,otoru
劣等,rettou
老人,roujin
老化,rouka
海老,ebi
亜鉛,aen
東亜,toua
亜熱帯,anettai
位置,ichi
単位,tan'i
上位,joui
雰囲気,fun'iki
範囲,han'i
周囲,shuui
医療,iryou
医師,ishi
医者,isha
対応,taiou
一応,ichiou
反応,hannou
何とか,nantoka
何故,naze
何より,naniyori
花火,hanabi
花粉,kafun
花見,hanami
我々,wareware
我が家,wagaya
我慢,gaman
快適,kaiteki
不快,fukai
爽快,soukai
警戒,keikai
戒め,imashime
自戒,jikai
改善,kaizen
改めて,aratamete
改革,kaikaku
ムール貝,muurugai
貝殻,kaigara
貝塚,kaizuka
角度,kakudo
折角,sekkaku
三角,sankaku
完全,kanzen
完成,kansei
完了,kanryou
肝心,kanjin
肝臓,kanzou
肝炎,kan'en
含む,fukumu
含める,fukumeru
含み,fukumi
岐阜,gifu
分岐,bunki
多岐,taki
希望,kibou
希薄,kihaku
希少,kishou
周忌,shuuki
忌避,kihi
禁忌,kinki
汽車,kisha
汽笛,kiteki
汽船,kisen
技術,gijutsu
演技,engi
競技,kyougi
冷却,reikyaku
売却,baikyaku
返却,henkyaku
求め,motome
要求,youkyuu
求める,motomeru
研究,kenkyuu
研究所,kenkyuusho
究極,kyuukyoku
狂気,kyouki
熱狂,nekkyou
狂う,kuruu
結局,kekkyoku
当局,toukyoku
局長,kyokuchou
平均,heikin
均等,kintou
均一,kin'itsu
最近,saikin
近く,chikaku
近い,chikai
吟味,ginmi
吟行,ginkou
独吟,dokugin
串焼き,kushiyaki
串カツ,kushikatsu
串刺し,kushizashi
諸君,shokun
君たち,kimitachi
君主,kunshu
形式,keishiki
形態,keitai
形成,keisei
系列,keiretsu
体系,taikei
系統,keitou
芸術,geijutsu
文芸,bungei
芸人,geinin
迎え,mukae
歓迎,kangei
迎える,mukaeru
決め,kime
解決,kaiketsu
決定,kettei
見る,miru
見える,mieru
意見,iken
言う,iu
言葉,kotoba
言える,ieru
呉服,gofuku
坑夫,koufu
親孝行,oyakoukou
孝行,koukou
親不孝,oyafukou
抵抗,teikou
対抗,taikou
抗議,kougi
攻撃,kougeki
攻め,seme
攻略,kouryaku
変更,henkou
更新,koushin
更に,sarani
克服,kokufuku
克明,kokumei
相克,soukoku
広告,koukoku
報告,houkoku
警告,keikoku
谷間,tanima
谷川,tanigawa
渓谷,keikoku
困難,konnan
困る,komaru
貧困,hinkon
大佐,taisa
補佐,hosa
少佐,shousa
ご無沙汰,gobusata
沙汰,sata
音沙汰,otosata
被災,hisai
震災,shinsai
災害,saigai
素材,sozai
材料,zairyou
取材,shuzai
作品,sakuhin
作業,sagyou
作り,tsukuri
伺い,ukagai
伺う,ukagau
意志,ishi
志向,shikou
有志,yuushi
私的,shiteki
私立,shiritsu
私生活,shiseikatsu
真似,mane
似合う,niau
類似,ruiji
児童,jidou
幼児,youji
育児,ikuji
会社,kaisha
社会,shakai
社長,shachou
自転車,jitensha
電車,densha
駐車,chuusha
寿司,sushi
寿命,jumyou
恵比寿,ebisu
優秀,yuushuu
秀逸,shuuitsu
最優秀,saiyuushuu
住宅,juutaku
住民,juumin
住む,sumu
最初,saisho
初めて,hajimete
初期,shoki
助け,tasuke
補助,hojo
援助,enjo
秩序,chitsujo
序盤,joban
順序,junjo
起床,kishou
臨床,rinshou
床屋,tokoya
抄訳,shouyaku
抄出,shoushutsu
抄本,shouhon
肖像,shouzou
不肖,fushou
肖る,ayakaru
条件,jouken
条約,jouyaku
条例,jourei
状態,joutai
状況,joukyou
現状,genjou
伸び,nobi
伸びる,nobiru
伸ばす,nobasu
大臣,daijin
家臣,kashin
忠臣蔵,chuushingura
芯地,shinji
自身,jishin
身体,shintai
中身,nakami
辛い,karai
辛く,tsuraku
唐辛子,tougarashi
意図,ito
地図,chizu
図書館,toshokan
吹き,fuki
吹く,fuku
吹奏楽,suisougaku
小杉,kosugi
杉林,sugibayashi
糸杉,itosugi
音声,onsei
歌声,utagoe
声明,seimei
赤い,akai
赤ちゃん,akachan
赤字,akaji
折れ,ore
時折,tokiori
折角,sekkaku
走り,hashiri
走る,hashiru
走行,soukou
即座,sokuza
即興,sokkyou
即ち,sunawachi
約束,yakusoku
収束,shuusoku
拘束,kousoku
満足,manzoku
不足,fusoku
足し,tashi
市町村,shichouson
農村,nouson
村人,murabito
ご無沙汰,gobusata
淘汰,touta
沙汰,sata
妥当,datou
妥協,dakyou
対応,taiou
に対して,nitaishite
に対する,nitaisuru
全体,zentai
自体,jitai
体験,taiken
選択,sentaku
選択肢,sentakushi
採択,saitaku
沢山,takusan
贅沢,zeitaku
光沢,koutaku
但し,tadashi
但し書き,tadashigaki
男性,dansei
男子,danshi
男の子,otokonoko
沖縄,okinawa
沖合,okiai
沖積,chuuseki
町内,chounai
市町村,shichouson
町並み,machinami
沈黙,chinmoku
沈む,shizumu
沈没,chinbotsu
低い,hikui
低下,teika
最低,saitei
露呈,rotei
贈呈,zoutei
呈する,teisuru
法廷,houtei
宮廷,kyuutei
朝廷,choutei
兄弟,kyoudai
弟子,deshi
従兄弟,itoko
努力,doryoku
努める,tsutomeru
投稿,toukou
投資,toushi
投票,touhyou
豆腐,toufu
大豆,daizu
納豆,nattou
旦那,danna
刹那,setsuna
若旦那,wakadanna
糖尿,tounyou
尿道,nyoudou
泌尿器,hinyouki
妊娠,ninshin
妊婦,ninpu
避妊,hinin
忍耐,nintai
忍者,ninja
忍び,shinobi
把握,haaku
大雑把,oozappa
十把一絡げ,jippahitokarage
販売,hanbai
発売,hatsubai
売り,uri
伯父,oji
伯母,oba
伯爵,hakushaku
蕎麦,soba
小麦粉,komugiko
小麦,komugi
抜き,nuki
抜群,batsugun
抜粋,bassui
伴う,tomonau
伴い,tomonai
伴奏,bansou
判断,handan
批判,hihan
評判,hyouban
坂道,sakamichi
下り坂,kudarizaka
急坂,kyuuhan
大阪,oosaka
阪神,hanshin
京阪,keihan
否定,hitei
拒否,kyohi
賛否,sanpi
批判,hihan
批評,hihyou
批准,hijun
尻尾,shippo
尾根,one
末尾,matsubi
肩肘,katahiji
肘掛け,hijikake
扶助,fujo
扶養,fuyou
食い扶持,kuibuchi
兵器,heiki
核兵器,kakuheiki
兵士,heishi
特別,tokubetsu
別に,betsuni
別れ,wakare
繰り返し,kurikaeshi
返事,henji
返し,kaeshi
芳香,houkou
芳しい,kanbashii
芳醇,houjun
連邦,renpou
邦題,houdai
邦楽,hougaku
坊主,bouzu
赤ん坊,akanbou
寝坊,nebou
妨害,bougai
妨げ,samatage
妨げる,samatageru
忘れる,wasureru
忘年会,bounenkai
備忘録,bibouroku
予防,yobou
防止,boushi
防ぐ,fusegu
没頭,bottou
沈没,chinbotsu
水没,suibotsu
微妙,bimyou
奇妙,kimyou
絶妙,zetsumyou
鍛冶,kaji
刀鍛冶,katanakaji
冶金,yakin
役割,yakuwari
主役,shuyaku
現役,gen'eki
余裕,yoyuu
余計,yokei
余り,amari
妖精,yousei
妖怪,youkai
妖艶,youen
抑え,osae
抑える,osaeru
抑制,yokusei
肥沃,hiyoku
出来,shuttai
出来る,dekiru
来る,kuru
混乱,konran
乱れ,midare
乱暴,ranbou
産卵,sanran
卵白,ranpaku
卵巣,ransou
利用,riyou
便利,benri
利益,rieki
里親,satooya
里芋,satoimo
里山,satoyama
良い,yoi
良く,yoku
不良,furyou
冷蔵庫,reizouko
冷静,reisei
冷たい,tsumetai
励まし,hagemashi
奨励,shourei
励み,hagemi
戻る,modoru
戻り,modori
戻し,modoshi
風呂,furo
露天風呂,rotenburo
風呂敷,furoshiki
労働,roudou
苦労,kurou
疲労,hirou
翻弄,honrou
弄る,ijiru
弄り,ijiri
宛先,atesaki
宛名,atena
依頼,irai
依存,izon
依然として,izentoshite
委員,iin
委託,itaku
委ねる,yudaneru
教育,kyouiku
育て,sodate
保育園,hoikuen
梅雨,tsuyu
大雨,ooame
小雨,kosame
泳ぐ,oyogu
泳ぎ,oyogi
水泳,suiei
英語,eigo
英国,eikoku
英文,eibun
容易,youi
易い,yasui
難易,nan'i
延長,enchou
延期,enki
遅延,chien
沿い,zoi
沿岸,engan
海沿い,umizoi
炎症,enshou
炎上,enjou
肝炎,kan'en
往復,oufuku
往々,ouou
右往左往,uousaou
押し,oshi
押す,osu
押し付け,oshitsuke
旺盛,ousei
欧米,oubei
欧州,oushuu
西欧,seiou
殴る,naguru
殴り合い,naguriai
殴り込み,nagurikomi
福岡,fukuoka
静岡,shizuoka
長岡京,nagaokakyou
佳境,kakyou
佳作,kasaku
佳品,kahin
価格,kakaku
価値,kachi
評価,hyouka
結果,kekka
効果,kouka
成果,seika
銀河,ginga
運河,unga
河川,kasen
苛立ち,iradachi
苛め,ijime
苛烈,karetsu
映画,eiga
画面,gamen
画像,gazou
芽生え,mebae
発芽,hatsuga
木の芽,kinome
怪我,kega
怪しい,ayashii
怪獣,kaijuu
誘拐,yuukai
弾劾,dangai
拡大,kakudai
拡張,kakuchou
拡散,kakusan
学校,gakkou
大学,daigaku
学生,gakusei
山岳,sangaku
富岳,fugaku
官僚,kanryou
長官,choukan
警官,keikan
海岸,kaigan
沿岸,engan
彼岸,higan
岩場,iwaba
岩盤,ganban
岩石,ganseki
玩具,omocha
愛玩,aigan
奇跡,kiseki
奇妙,kimyou
好奇,kouki
祈り,inori
祈る,inoru
お祈り,oinori
季節,kisetsu
季語,kigo
四季,shiki
宜しく,yoroshiku
適宜,tekigi
宜しい,yoroshii
泣き,naki
泣く,naku
泣ける,nakeru
居る,iru
居住,kyojuu
居酒屋,izakaya
拒否,kyohi
拒絶,kyozetsu
拒む,kobamu
拒む,kobamu
証拠,shouko
根拠,konkyo
拠点,kyoten
東京,toukyou
京都,kyouto
北京,pekin
享受,kyouju
享楽,kyouraku
享年,kyounen
子供,kodomo
提供,teikyou
供給,kyoukyuu
協力,kyouryoku
協会,kyoukai
協議,kyougi
状況,joukyou
不況,fukyou
近況,kinkyou
お金,okane
料金,ryoukin
金融,kin'yuu
苦手,nigate
苦労,kurou
苦笑,kushou
具体,gutai
具合,guai
道具,dougu
空気,kuuki
空間,kuukan
空港,kuukou
退屈,taikutsu
理屈,rikutsu
窮屈,kyuukutsu
直径,chokkei
半径,hankei
口径,koukei
歯茎,haguki
包茎,houkei
陰茎,inkei
証券,shouken
馬券,baken
債券,saiken
肩こり,katakori
肩書き,katagaki
右肩,migikata
管弦楽,kangengaku
弦楽,gengaku
弦楽器,gengakki
呼ぶ,yobu
呼吸,kokyuu
呼び,yobi
固定,kotei
固め,katame
固有,koyuu
股間,kokan
股関節,kokansetsu
股下,matashita
虎視眈々,koshitantan
虎の尾,toranoo
竜虎,ryuuko
効果,kouka
有効,yuukou
効率,kouritsu
幸せ,shiawase
幸い,saiwai
幸福,koufuku
拘束,kousoku
拘り,kodawari
拘る,kodawaru
肯定,koutei
首肯,shukou
深刻,shinkoku
時刻,jikoku
遅刻,chikoku
中国,chuugoku
米国,beikoku
国民,kokumin
昆布,konbu
昆虫,konchuu
夫妻,fusai
妻子,saishi
人妻,hitozuma
喝采,kassai
采配,saihai
風采,fuusai
印刷,insatsu
印刷物,insatsubutsu
刷新,sasshin
刹那,setsuna
古刹,kosatsu
名刹,meisatsu
参加,sanka
参考,sankou
参照,sanshou
使用,shiyou
使う,tsukau
使い,tsukai
刺激,shigeki
名刺,meishi
刺身,sashimi
始め,hajime
開始,kaishi
始める,hajimeru
姉さん,neesan
姉妹,shimai
姉ちゃん,neechan
枝豆,edamame
枝葉,shiyou
枯れ枝,kareeda
福祉,fukushi
選択肢,sentakushi
四肢,shishi
肢体,shitai
仕事,shigoto
記事,kiji
事故,jiko
侍る,haberu
侍女,jijo
侍医,jii
政治,seiji
治療,chiryou
明治,meiji
実際,jissai
実は,jitsuha
現実,genjitsu
田舎,inaka
宿舎,shukusha
校舎,kousha
作者,sakusha
読者,dokusha
患者,kanja
風邪,kaze
邪魔,jama
無邪気,mujaki
若い,wakai
若干,jakkan
若者,wakamono
取っ,to
取り,tori
取得,shutoku
受け,uke
受ける,ukeru
受け入れ,ukeire
呪い,noroi
呪文,jumon
呪術,jujutsu
周り,mawari
周辺,shuuhen
周囲,shuui
宗教,shuukyou
宗派,shuuha
改宗,kaishuu
大叔父,oooji
大叔母,oooba
記述,kijutsu
前述,zenjutsu
述べる,noberu
場所,basho
近所,kinjo
事務所,jimusho
尚更,naosara
和尚,oshou
高尚,koushou
招待,shoutai
招き,maneki
招く,maneku
了承,ryoushou
承知,shouchi
継承,keishou
上昇,joushou
急上昇,kyuujoushou
昇格,shoukaku
浜松,hamamatsu
小松,komatsu
松原,matsubara
泥沼,doronuma
沼田,numata
沼地,numachi
垂直,suichoku
垂れ,tare
垂れ流し,tarenagashi
自炊,jisui
炊飯,suihan
炊き出し,takidashi
中枢,chuusuu
枢機卿,suukikyou
枢軸,suujiku
制作,seisaku
制限,seigen
制度,seido
百姓,hyakushou
同姓,dousei
旧姓,kyuusei
遠征,ensei
征服,seifuku
征伐,seibatsu
女性,josei
男性,dansei
性能,seinou
青年,seinen
青い,aoi
青春,seishun
一斉,issei
斉唱,seishou
昔ながら,mukashinagara
一昔,hitomukashi
大昔,oomukashi
分析,bunseki
解析,kaiseki
透析,touseki
拙宅,settaku
稚拙,chisetsu
拙い,tsutanai
狙い,nerai
狙う,nerau
狙撃,sogeki
阻止,soshi
阻害,sogai
阻む,habamu
卒業,sotsugyou
卒業生,sotsugyousei
新卒,shinsotsu
食卓,shokutaku
卓球,takkyuu
卓越,takuetsu
開拓,kaitaku
拓く,hiraku
干拓,kantaku
担当,tantou
負担,futan
担保,tanpo
知識,chishiki
知る,shiru
お知らせ,oshirase
宇宙,uchuu
宇宙船,uchuusen
小宇宙,shouuchuu
忠実,chuujitsu
忠誠,chuusei
忠告,chuukoku
抽象,chuushou
抽選,chuusen
抽出,chuushutsu
注意,chuui
注目,chuumoku
注文,chuumon
長い,nagai
成長,seichou
社長,shachou
正直,shoujiki
直接,chokusetsu
直後,chokugo
坪数,tsubosuu
設定,settei
予定,yotei
決定,kettei
徹底的,tetteiteki
徹底,tettei
到底,toutei
抵抗,teikou
大抵,taitei
抵触,teishoku
官邸,kantei
邸宅,teitaku
豪邸,goutei
泥棒,dorobou
泥沼,doronuma
汚泥,odei
目的,mokuteki
比較的,hikakuteki
自動的,jidouteki
更迭,koutetsu
特典,tokuten
典型,tenkei
古典,koten
店舗,tenpo
店員,ten'in
店内,tennai
嫉妬,shitto
妬み,netami
妬む,netamu
東京,toukyou
東北,touhoku
東日本,higashinihon
到着,touchaku
到達,toutatsu
到底,toutei
中毒,chuudoku
気の毒,kinodoku
消毒,shoudoku
突然,totsuzen
突入,totsunyuu
衝突,shoutotsu
届く,todoku
届ける,todokeru
届け出,todokede
奈良,nara
奈落,naraku
牛乳,gyuunyuu
豆乳,tounyuu
授乳,junyuu
残念,zannen
記念,kinen
概念,gainen
津波,tsunami
電波,denpa
周波数,shuuhasuu
拝見,haiken
参拝,sanpai
礼拝,reihai
精一杯,seiippai
乾杯,kanpai
一杯,ippai
拍手,hakushu
拍子,hyoushi
心拍,shinpaku
宿泊,shukuhaku
泊まり,tomari
泊まる,tomaru
迫力,hakuryoku
圧迫,appaku
迫る,semaru
看板,kanban
掲示板,keijiban
基板,kiban
出版,shuppan
版画,hanga
絶版,zeppan
彼女,kanojo
彼ら,karera
彼氏,kareshi
披露,hirou
披露宴,hirouen
お披露目,ohirome
肥満,himan
肥料,hiryou
肥大,hidai
非常,hijou
是非,zehi
非難,hinan
分泌,bunpitsu
泌尿器,hinyouki
内分泌,naibunpitsu
表示,hyouji
表現,hyougen
発表,happyou
早苗,sanae
苗木,naegi
苗床,naedoko
政府,seifu
都道府県,todoufuken
幕府,bakufu
怖い,kowai
恐怖,kyoufu
恐怖症,kyoufushou
岐阜,gifu
侮辱,bujoku
侮蔑,bubetsu
侮る,anadoru
武器,buki
武装,busou
武将,bushou
洋服,youfuku
服装,fukusou
克服,kokufuku
沸騰,futtou
沸く,waku
沸き,waki
物語,monogatari
物質,busshitsu
建物,tatemono
合併,gappei
併用,heiyou
併設,heisetsu
並ぶ,narabu
並び,narabi
並行,heikou
散歩,sanpo
歩く,aruku
歩き,aruki
奉仕,houshi
奉納,hounou
信奉,shinpou
重宝,chouhou
宝石,houseki
宝物,takaramono
抱え,kakae
抱っこ,dakko
抱える,kakaeru
放送,housou
放射線,houshasen
放射能,houshanou
方法,houhou
法人,houjin
手法,shuhou
気泡,kihou
発泡,happou
発泡スチロール,happousuchirooru
暖房,danbou
工房,koubou
官房,kanbou
脂肪,shibou
脂肪酸,shibousan
皮下脂肪,hikashibou
牧場,bokujou
牧師,bokushi
牧草,bokusou
奔走,honsou
奔放,honpou
奔馬,honba
姉妹,shimai
義妹,gimai
兄妹,keimai
枚数,maisuu
枚挙,maikyo
一枚岩,ichimaiiwa
枕元,makuramoto
枕詞,makurakotoba
水枕,mizumakura
抹茶,matcha
抹殺,massatsu
一抹,ichimatsu
意味,imi
興味,kyoumi
美味しい,oishii
生命,seimei
一生懸命,isshoukenmei
革命,kakumei
説明,setsumei
明日,ashita
明らか,akiraka
免許,menkyo
免疫,men'eki
免除,menjo
茂み,shigemi
生い茂る,oishigeru
茂る,shigeru
盲点,mouten
盲目,moumoku
盲導犬,moudouken
専門,senmon
部門,bumon
入門,nyuumon
深夜,shin'ya
今夜,kon'ya
夜中,yonaka
弥生,yayoi
弥勒,miroku
阿弥陀,amida
醤油,shouyu
石油,sekiyu
油断,yudan
拉致,rachi
林檎,ringo
森林,shinrin
林道,rindou
例えば,tatoeba
事例,jirei
例外,reigai
炉心,roshin
暖炉,danro
囲炉裏,irori
昭和,shouwa
平和,heiwa
違和感,iwakan
枠組み,wakugumi
大枠,oowaku
別枠,betsuwaku
可哀想,kawaisou
哀れ,aware
哀愁,aishuu
脅威,kyoui
権威,ken'i
威力,iryoku
行為,koui
為替,kawase
所為,sei
畏敬,ikei
畏怖,ifu
胃腸,ichou
胃袋,ibukuro
胃潰瘍,ikaiyou
嗚咽,oetsu
耳鼻咽喉科,jibiinkouka
咽喉,inkou
婚姻,kon'in
映画,eiga
映像,eizou
反映,han'ei
栄養,eiyou
栄養素,eiyouso
繁栄,han'ei
免疫,men'eki
疫学,ekigaku
検疫,ken'eki
怨念,onnen
怨恨,enkon
私怨,shien
部屋,heya
名古屋,nagoya
屋根,yane
卸売,oroshiuri
棚卸,tanaoroshi
卸業者,oroshigyousha
音楽,ongaku
音声,onsei
録音,rokuon
科学,kagaku
教科書,kyoukasho
学科,gakka
架空,kakuu
十字架,juujika
高架,kouka
後悔,koukai
悔しい,kuyashii
悔い,kui
海外,kaigai
北海道,hokkaidou
海岸,kaigan
世界,sekai
業界,gyoukai
世界中,sekaijuu
皆さん,minasan
皆様,minasama
皆無,kaimu
垣根,kakine
石垣,ishigaki
垣間見る,kaimamiru
柿の木,kakinoki
干し柿,hoshigaki
渋柿,shibugaki
革命,kakumei
改革,kaikaku
革新,kakushin
一括,ikkatsu
包括,houkatsu
総括,soukatsu
生活,seikatsu
活動,katsudou
活用,katsuyou
冠水,kansui
王冠,oukan
栄冠,eikan
巻頭,kantou
取り巻く,torimaku
圧巻,akkan
看板,kanban
看護,kango
看病,kanbyou
世紀,seiki
紀行,kikou
紀元前,kigenzen
軌道,kidou
軌跡,kiseki
常軌,jouki
お客様,okyakusama
顧客,kokyaku
観客,kankyaku
逆転,gyakuten
逆説,gyakusetsu
逆行,gyakkou
虐待,gyakutai
虐殺,gyakusatsu
残虐,zangyaku
緊急,kinkyuu
急遽,kyuukyo
急速,kyuusoku
高級,koukyuu
同級生,doukyuusei
階級,kaikyuu
糾弾,kyuudan
紛糾,funkyuu
海峡,kaikyou
峡谷,kyoukoku
山峡,sankyou
挟む,hasamu
板挟み,itabasami
挟み込む,hasamikomu
狭い,semai
狭間,hazama
狭義,kyougi
軍事,gunji
軍隊,guntai
海軍,kaigun
関係,kankei
係る,kakaru
無関係,mukankei
大型,oogata
小型,kogata
典型,tenkei
契約,keiyaku
契機,keiki
契り,chigiri
計画,keikaku
計算,keisan
設計,sekkei
建物,tatemono
建築,kenchiku
建設,kensetsu
研究,kenkyuu
研修,kenshuu
研究所,kenkyuusho
県内,kennai
県民,kenmin
都道府県,todoufuken
限り,kagiri
限定,gentei
制限,seigen
孤独,kodoku
孤立,koritsu
孤児,koji
括弧,kakko
事故,jiko
何故,naze
何故か,nazeka
枯葉,kareha
枯渇,kokatsu
木枯らし,kogarashi
最後,saigo
その後,sonoato
今後,kongo
侯爵,koushaku
王侯,oukou
濃厚,noukou
厚み,atsumi
厚生,kousei
恒例,kourei
恒久,koukyuu
恒常,koujou
洪水,kouzui
天皇,tennou
皇帝,koutei
皇居,koukyo
紅茶,koucha
紅葉,kouyou
紅白,kouhaku
荒れ,are
荒い,arai
荒らし,arashi
郊外,kougai
近郊,kinkou
香り,kaori
香港,honkon
香水,kousui
拷問,goumon
恨み,urami
痛恨,tsuukon
恨めしい,urameshii
調査,chousa
検査,kensa
審査,shinsa
砂糖,satou
砂漠,sabaku
砂浜,sunahama
粉砕,funsai
砕け,kudake
玉砕,gyokusai
削除,sakujo
削減,sakugen
削り,kezuri
昨日,kinou
昨年,sakunen
一昨日,ototoi
鉄柵,tessaku
咲く,saku
咲き誇る,sakihokoru
咲かせる,sakaseru
挨拶,aisatsu
姿勢,shisei
容姿,youshi
後ろ姿,ushirosugata
思い,omoi
思う,omou
不思議,fushigi
指定,shitei
指摘,shiteki
指導,shidou
施設,shisetsu
実施,jisshi
施し,hodokoshi
気持ち,kimochi
持つ,motsu
持ち,mochi
教室,kyoushitsu
室内,shitsunai
寝室,shinshitsu
狩り,kari
狩猟,shuryou
狩人,karyuudo
首相,shushou
首都,shuto
手首,tekubi
拾い,hiroi
拾う,hirou
収拾,shuushuu
秋風,akikaze
千秋楽,senshuuraku
秋月,shuugetsu
臭い,kusai
臭み,kusami
体臭,taishuu
柔軟,juunan
柔らかい,yawarakai
柔らか,yawaraka
重要,juuyou
体重,taijuu
重い,omoi
お祝い,oiwai
祝日,shukujitsu
祝福,shukufuku
俊秀,shunshuu
俊英,shun'ei
俊足,shunsoku
青春,seishun
春風,harukaze
春先,harusaki
矛盾,mujun
叙情,jojou
叙述,jojutsu
叙景,jokei
昭和,shouwa
乗り,nori
乗る,noru
乗り換え,norikae
平城,hirajiro
長城,choujou
牙城,gajou
浄化,jouka
洗浄,senjou
浄水,jousui
払拭,fusshoku
拭き,fuki
拭く,fuku
食事,shokuji
食べる,taberu
食べ物,tabemono
侵害,shingai
侵入,shinnyuu
侵略,shinryaku
通信,tsuushin
自信,jishin
信頼,shinrai
津波,tsunami
興味津々,kyoumishinshin
天津,tenshin
精神,seishin
神社,jinja
神戸,koube
甚大,jindai
甚だ,hanahada
甚だしい,hanahadashii
総帥,sousui
元帥,gensui
統帥,tousui
是非,zehi
是非とも,zehitomo"no"",for,an,answer)"
是正,zesei
政府,seifu
政治,seiji
政権,seiken
惑星,wakusei
衛星,eisei
彗星,suisei
犠牲,gisei
反省,hansei
省略,shouryaku
帰省,kisei
窃盗,settou
剽窃,hyousetsu
宣言,sengen
宣伝,senden
宣告,senkoku
専門,senmon
専用,sen'you
専攻,senkou
温泉,onsen
源泉,gensen
泉水,sensui
浅い,asai
浅はか,asahaka
浅見,senken
洗濯,sentaku
洗う,arau
洗練,senren
汚染,osen
感染,kansen
馴染み,najimi
以前,izen
名前,namae
前回,zenkai
祖母,sobo
祖父,sofu
先祖,senzo
演奏,ensou
奏者,sousha
伴奏,bansou
相手,aite
相当,soutou
首相,shushou
別荘,bessou
荘厳,sougon
山荘,sansou
煙草,tabako
雑草,zassou
ほうれん草,hourensou
放送,housou
送信,soushin
送る,okuru
促進,sokushin
促す,unagasu
催促,saisoku
原則,gensoku
法則,housoku
規則,kisoku
世俗,sezoku
風俗,fuuzoku
民俗,minzoku
耐久,taikyuu
耐える,taeru
忍耐,nintai
期待,kitai
待ち,machi
待つ,matsu
倦怠,kentai
怠惰,taida
怠慢,taiman
胎児,taiji
換骨奪胎,kankotsudattai
胎動,taidou
退職,taishoku
引退,intai
撤退,tettai
簡単,kantan
単純,tanjun
単に,tanni
炭酸,tansan
炭水化物,tansuikabutsu
二酸化炭素,nisankatanso
大胆,daitan
落胆,rakutan
魂胆,kontan
普段,fudan
値段,nedan
段階,dankai
お茶,ocha
紅茶,koucha
喫茶店,kissaten
お昼,ohiru
昼間,hiruma
昼食,chuushoku
支柱,shichuu
電柱,denchuu
人柱,hitobashira
挑戦,chousen
挑む,idomu
挑発,chouhatsu
勅使,chokushi
勅撰,chokusen
珍しい,mezurashii
珍重,chinchou
珍味,chinmi
追加,tsuika
追記,tsuiki
追求,tsuikyuu
料亭,ryoutei
亭主,teishu
亭主関白,teishukanpaku
童貞,doutei
貞治,jouji
貞操,teisou
帝国,teikoku
皇帝,koutei
ローマ帝国,roomateikoku
訂正,teisei
改訂,kaitei
時点,jiten
視点,shiten
現時点,genjiten
程度,teido
今度,kondo
一度,ichido
怒り,ikari
怒る,okoru
激怒,gekido
逃げ,nige
逃げる,nigeru
見逃し,minogashi
洞窟,doukutsu
洞察,dousatsu
空洞,kuudou
碓氷峠,usuitouge
独自,dokuji
独立,dokuritsu
独特,dokutoku
南部,nanbu
南山,nanzan
南アフリカ,minamiafurika
虹彩,kousai
虹鱒,nijimasu
派遣,haken
立派,rippa
派手,hade
背景,haikei
背中,senaka
背後,haigo
肺炎,haien
心肺,shinpai
肺がん,haigan
田畑,tahata
花畑,hanabatake
麦畑,mugibatake
原発,genpatsu
開発,kaihatsu
発表,happyou
卑怯,hikyou
卑屈,hikutsu
卑下,hige
飛行機,hikouki
飛ぶ,tobu
飛行,hikou
眉毛,mayuge
眉間,miken
白眉,hakubi
美味しい,oishii
美しい,utsukushii
美容,biyou
毎秒,maibyou
秒読み,byouyomi
秒速,byousoku
作品,sakuhin
商品,shouhin
製品,seihin
訃報,fuhou
負け,make
負担,futan
勝負,shoubu
赴任,funin
赴く,omomuku
封印,fuuin
開封,kaifuu
封筒,fuutou
風呂,furo
風景,fuukei
風邪,kaze
事柄,kotogara
人柄,hitogara
銘柄,meigara
大変,taihen
変更,henkou
変化,henka
便利,benri
郵便,yuubin
不便,fuben
保存,hozon
保護,hogo
保険,hoken
細胞,saibou
同胞,douhou
単細胞,tansaibou
某所,bousho
某氏,boushi
某社,bousha
冒頭,boutou
冒険,bouken
冒涜,boutoku
勃起,bokki
勃発,boppatsu
勃興,bokkou
お盆,obon
盆踊り,bon'odori
盆地,bonchi
曖昧,aimai
三昧,sanmai
蒙昧,moumai
迷惑,meiwaku
迷い,mayoi
迷う,mayou
画面,gamen
面白い,omoshiroi
面倒,mendou
予約,yoyaku
契約,keiyaku
約束,yakusoku
勇気,yuuki
勇者,yuusha
勇敢,yuukan
幽霊,yuurei
幽玄,yuugen
幽閉,yuuhei
洋服,youfuku
西洋,seiyou
太平洋,taiheiyou
必要,hitsuyou
重要,juuyou
要素,youso
法律,houritsu
旋律,senritsu
自律,jiritsu
川柳,senryuu
青柳,aoyagi
柳樽,yanagidaru
僧侶,souryo
伴侶,hanryo
野郎,yarou
新郎,shinrou
三郎,saburou
挨拶,aisatsu
提案,teian
案内,annai
案外,angai
委員,iin
全員,zen'in
議員,giin
病院,byouin
入院,nyuuin
大学院,daigakuin
小唄,kouta
長唄,nagauta
地唄,jiuta
津々浦々,tsutsuuraura
利益,rieki
収益,shuueki
有益,yuueki
満悦,man'etsu
悦楽,etsuraku
愉悦,yuetsu
披露宴,hirouen
饗宴,kyouen
桜花,ouka
桜餅,sakuramochi
葉桜,hazakura
塞翁が馬,saiougauma
老翁,rouou
恩恵,onkei
恩返し,ongaeshi
恩師,onshi
夏休み,natsuyasumi
真夏,manatsu
夏場,natsuba
家族,kazoku
家庭,katei
我が家,wagaya
荷物,nimotsu
負荷,fuka
入荷,nyuuka
豪華,gouka
華やか,hanayaka
華麗,karei
蚊帳,kaya
蚊取り線香,katorisenkou
被害,higai
障害,shougai
災害,saigai
価格,kakaku
性格,seikaku
本格,honkaku
核兵器,kakuheiki
核分裂,kakubunretsu
核種,kakushu
株式,kabushiki
株式会社,kabushikigaisha
株主,kabunushi
後釜,atogama
塩釜,shiogama
釜飯,kamameshi
陥る,ochiiru
欠陥,kekkan
陥落,kanraku
既に,sudeni
既存,kison
既成,kisei
記事,kiji
記憶,kioku
記録,kiroku
起動,kidou
起こし,okoshi
起こる,okoru
飢え,ue
飢餓,kiga
飢饉,kikin
吸血鬼,kyuuketsuki
鬼門,kimon
餓鬼,gaki
帰り,kaeri
帰宅,kitaku
帰る,kaeru
子宮,shikyuu
宮殿,kyuuden
神宮,jinguu
選挙,senkyo
挙動,kyodou
挙句,ageku
恐怖,kyoufu
恐れ,osore
恐ろしい,osoroshii
恭順,kyoujun
胸元,munamoto
度胸,dokyou
胸水,kyousui
脅威,kyoui
脅迫,kyouhaku
脅し,odoshi
訓練,kunren
教訓,kyoukun
特訓,tokkun
郡司,gunji
知恵,chie
恩恵,onkei
恵比寿,ebisu
桁違い,ketachigai
桁外れ,ketahazure
橋桁,hashigeta
倹約,ken'yaku
兼用,ken'you
兼ね合い,kaneai
気兼ね,kigane
真剣,shinken
剣道,kendou
剣士,kenshi
拳銃,kenjuu
太極拳,taikyokuken
鉄拳,tekken
軒並み,nokinami
一軒家,ikken'ya
軒先,nokisaki
原発,genpatsu
原因,gen'in
原子力,genshiryoku
個人,kojin
個性,kosei
個々,koko
冷蔵庫,reizouko
在庫,zaiko
文庫,bunko
娯楽,goraku
覚悟,kakugo
悟り,satori
悟る,satoru
候補,kouho
気候,kikou
天候,tenkou
学校,gakkou
小学校,shougakkou
高校生,koukousei
農耕,noukou
耕作,kousaku
耕地,kouchi
航空,koukuu
航空機,koukuuki
航海,koukai
貢献,kouken
年貢,nengu
朝貢,choukou
以降,ikou
降り,furi
降る,furu
高い,takai
最高,saikou
高速,kousoku
剛力,gouriki
剛性,gousei
剛毛,goumou
骨折,kossetsu
骨盤,kotsuban
骨格,kokkaku
根拠,konkyo
根本,kongen
屋根,yane
示唆,shisa
差別,sabetsu
日差し,hizashi
格差,kakusa
講座,kouza
口座,kouza
銀座,ginza
挫折,zasetsu
捻挫,nenza
頓挫,tonza
主宰,shusai
宰相,saishou
大宰府,dazaifu
栽培,saibai
盆栽,bonsai
洗剤,senzai
薬剤,yakuzai
薬剤師,yakuzaishi
財政,zaisei
財布,saifu
財産,zaisan
検索,kensaku
模索,mosaku
探索,tansaku
殺し,koroshi
自殺,jisatsu
殺人,satsujin
桟橋,sanbashi
桟敷,sajiki
養蚕,yousan
蚕室,sanshitsu
残念,zannen
残り,nokori
残る,nokoru
医師,ishi
教師,kyoushi
講師,koushi
恣意,shii
放恣,houshi
手紙,tegami
表紙,hyoushi
用紙,youshi
脂肪,shibou
樹脂,jushi
油脂,yushi
時間,jikan
時代,jidai
当時,touji
疾患,shikkan
疾走,shissou
疾病,shippei
放射線,houshasen
放射能,houshanou
放射,housha
借り,kari
借金,shakkin
借りる,kariru
晩酌,banshaku
斟酌,shinshaku
酌量,shakuryou
弱い,yowai
弱点,jakuten
脆弱,zeijaku
特殊,tokushu
殊に,kotoni
殊更,kotosara
真珠,shinju
曼珠沙華,manjushage
珠玉,shugyoku
居酒屋,izakaya
酒造,shuzou
飲酒,inshu
修正,shuusei
修理,shuuri
研修,kenshuu
長袖,nagasode
半袖,hansode
袖口,sodeguchi
従来,juurai
従業,juugyou
に従って,nishitagatte
批准,hijun
殉教者,junkyousha
殉職,junshoku
殉死,junshi
単純,tanjun
純粋,junsui
純正,junsei
書く,kaku
書籍,shoseki
本書,honsho
徐々に,jojoni
徐行,jokou
掃除,souji
削除,sakujo
解除,kaijo
今宵,koyoi
春宵,shunshou
宵越し,yoigoshi
将来,shourai
武将,bushou
将軍,shougun
消費,shouhi
解消,kaishou
消化,shouka
症状,shoujou
発症,hasshou
炎症,enshou
発祥,hasshou
不祥事,fushouji
吉祥,kisshou
名称,meishou
通称,tsuushou
自称,jishou
笑顔,egao
笑い,warai
苦笑,kushou
屈辱,kutsujoku
侮辱,bujoku
雪辱,setsujoku
上唇,uwakuchibiru
口唇,koushin
妊娠,ninshin
振り,furi
振動,shindou
振り返る,furikaeru
浸透,shintou
浸水,shinsui
浸る,hitaru
写真,shashin
真ん中,mannaka
真実,shinjitsu
方針,houshin
指針,shishin
針金,harigane
陣営,jin'ei
陣痛,jintsuu
退陣,taijin
純粋,junsui
抜粋,bassui
生粋,kissui
衰え,otoroe
衰退,suitai
減衰,gensui
凄い,sugoi
凄く,sugoku
物凄い,monosugoi
逝去,seikyo
急逝,kyuusei
夭逝,yousei
出席,shusseki
座席,zaseki
客席,kyakuseki
脊椎,sekitsui
脊髄,sekizui
脊椎動物,sekitsuidoubutsu
扇風機,senpuuki
換気扇,kankisen
扇子,sensu
血栓,kessen
消火栓,shoukasen
租税,sozei
素晴らしい,subarashii
素敵,suteki
要素,youso
鎌倉,kamakura
倉庫,souko
倉敷,kurashiki
捜査,sousa
捜索,sousaku
特捜,tokusou
挿入,sounyuu
挿絵,sashie
挿す,sasu
桑原,kuwabara
桑田,souden
構造,kouzou
創造,souzou
製造,seizou
息子,musuko
一息,hitoiki
生息,seisoku
捉える,toraeru
捕捉,hosoku
高速,kousoku
早速,sassoku
速度,sokudo
子孫,shison
お孫さん,omagosan
孫娘,magomusume
携帯,keitai
地帯,chitai
世帯,setai
安泰,antai
泰山,taizan
泰西,taisei
委託,itaku
託児,takuji
信託,shintaku
価値,kachi
値段,nedan
数値,suuchi
恥ずかしい,hazukashii
羞恥,shuuchi
恥辱,chijoku
一致,itchi
致命,chimei
拉致,rachi
家畜,kachiku
畜産,chikusan
鬼畜,kichiku
駆逐,kuchiku
逐一,chikuichi
逐次,chikuji
秩序,chitsujo
無秩序,muchitsujo
折衷,setchuu
和洋折衷,wayousetchuu
衷心,chuushin
焼酎,shouchuu
進捗,shinchoku
捗る,hakadoru
普通,futsuu
通り,toori
通常,tsuujou
家庭,katei
庭園,teien
箱庭,hakoniwa
逓減,teigen
哲学,tetsugaku
変哲,hentetsu
哲人,tetsujin
展開,tenkai
展示,tenji
発展,hatten
生徒,seito
徒歩,toho
教徒,kyouto
途中,tochuu
中途半端,chuutohanpa
用途,youto
面倒,mendou
圧倒的,attouteki
倒れ,taore
冷凍,reitou
解凍,kaitou
凍結,touketsu
唐辛子,tougarashi
唐突,toutotsu
荒唐無稽,koutoumukei
広島,hiroshima
中島,nakajima
小島,kojima
桃色,momoiro
桃源郷,tougenkyou
扁桃腺,hentousen
検討,kentou
討論,touron
討伐,toubatsu
透明,toumei
浸透,shintou
透過,touka
民主党,minshutou
政党,seitou
野党,yatou
胴体,doutai
胴上げ,douage
胴元,doumoto
匿名,tokumei
秘匿,hitoku
隠匿,intoku
特に,tokuni
特別,tokubetsu
特徴,tokuchou
悩み,nayami
悩む,nayamu
苦悩,kunou
納得,nattoku
格納,kakunou
収納,shuunou
可能,kanou
機能,kinou
能力,nouryoku
破壊,hakai
破綻,hatan
突破,toppa
馬鹿,baka
競馬,keiba
馬券,baken
俳句,haiku
俳人,haijin
俳優,haiyuu
心配,shinpai
配信,haishin
支配,shihai
倍増,baizou
倍率,bairitsu
人一倍,hitoichibai
梅雨,tsuyu
梅干し,umeboshi
梅酒,umeshu
班長,hanchou
首班,shuhan
湖畔,kohan
河畔,kahan
一般,ippan
全般,zenpan
一般人,ippanjin
疲れ,tsukare
疲労,hirou
お疲れ様,otsukaresama
秘密,himitsu
神秘,shinpi
秘書,hisho
被害,higai
被災,hisai
被曝,hibaku
お姫様,ohimesama
歌姫,utahime
美姫,biki
土俵,dohyou
土俵入り,dohyouiri
土俵際,dohyougiwa
病院,byouin
病気,byouki
白血病,hakketsubyou
横浜,yokohama
浜松,hamamatsu
砂浜,sunahama
敏感,binkan
過敏,kabin
鋭敏,eibin
浮かぶ,ukabu
浮上,fujou
浮気,uwaki
花粉,kafun
小麦粉,komugiko
粉塵,funjin
紛争,funsou
紛れ,magure
紛失,funshitsu
陛下,heika
天皇陛下,tennouheika
勉強,benkyou
勤勉,kinben
勉学,bengaku
哺乳類,honyuurui
哺乳,honyuu
逮捕,taiho
捕獲,hokaku
捕鯨,hogei
年俸,nenpou
減俸,genpou
模倣,mohou
倣う,narau
最高峰,saikouhou
秀峰,shuuhou
巨峰,kyohou
砲撃,hougeki
発砲,happou
大砲,taihou
解剖,kaibou
紡績,bouseki
紡ぐ,tsumugu
混紡,konbou
埋める,uzumeru
埋め立て,umetate
埋め込む,umekomu
文脈,bunmyaku
人脈,jinmyaku
動脈,doumyaku
睡眠,suimin
眠り,nemuri
眠い,nemui
孫娘,magomusume
愛娘,manamusume
一人娘,hitorimusume
冥福,meifuku
冥利,myouri
冥土,meido
消耗,shoumou
摩耗,mamou
指紋,shimon
波紋,hamon
紋章,monshou
内容,naiyou
美容,biyou
容量,youryou
入浴,nyuuyoku
浴衣,yukata
浴びる,abiru
流れ,nagare
交流,kouryuu
流し,nagashi
留学,ryuugaku
留め,tome
留学生,ryuugakusei
恐竜,kyouryuu
竜馬,ryuume
竜眼,ryuugan
旅行,ryokou
旅館,ryokan
旅人,tabibito
料理,ryouri
無料,muryou
料金,ryoukin
倫理,rinri
不倫,furin
絶倫,zetsurin
涙腺,ruisen
涙する,namidasuru
感涙,kanrui
強烈,kyouretsu
猛烈,mouretsu
熱烈,netsuretsu
恋愛,ren'ai
恋人,koibito
恋しい,koishii
連絡,renraku
関連,kanren
連れ,tsure
朗読,roudoku
朗報,rouhou
朗々,rourou
放浪,hourou
浪費,rouhi
浪人,rounin
脇役,wakiyaku
脇腹,wakibara
脇道,wakimichi
悪い,warui
最悪,saiaku
悪化,akka
中尉,chuui
少尉,shoui
大尉,taii
異なる,kotonaru
異常,ijou
異なり,kotonari
移動,idou
移行,ikou
移転,iten
萎縮,ishuku
萎える,naeru
地域,chiiki
領域,ryouiki
区域,kuiki
秀逸,shuuitsu
逸話,itsuwa
逸脱,itsudatsu
淫ら,midara
淫乱,inran
淫行,inkou
陰謀,inbou
日陰,hikage
陰陽,in'you
血液,ketsueki
液晶,ekishou
液体,ekitai
お菓子,okashi
菓子,kashi
和菓子,wagashi
通貨,tsuuka
雑貨,zakka
貨幣,kahei
機械,kikai
器械体操,kikaitaisou
崖っぷち,gakeppuchi
断崖,dangai
断崖絶壁,dangaizeppeki
生涯,shougai
境涯,kyougai
天涯,tengai
地殻,chikaku
貝殻,kaigara
抜け殻,nukegara
輪郭,rinkaku
遊郭,yuukaku
外郭,gaikaku
掛け,kake
仕掛け,shikake
掛かる,kakaru
喝采,kassai
恫喝,doukatsu
喝破,kappa
枯渇,kokatsu
渇望,katsubou
渇き,kawaki
乾燥,kansou
乾杯,kanpai
乾き,kawaki
勘違い,kanchigai
勘弁,kanben
勘定,kanjou
患者,kanja
疾患,shikkan
患部,kanbu
一貫,ikkan
貫く,tsuranuku
貫通,kantsuu
眼鏡,megane
一眼,ichigan
眼科,ganka
基本,kihon
基準,kijun
基礎,kiso
寄付,kifu
寄せ,yose
寄り,yori
規模,kibo
規制,kisei
規定,kitei
亀裂,kiretsu
偽善,gizen
偽装,gisou
真偽,shingi
春菊,shungiku
白菊,shiragiku
野菊,nogiku
脚本,kyakuhon
三脚,sankyaku
脚光,kyakkou
救済,kyuusai
救い,sukui
救急,kyuukyuu
地球,chikyuu
地球人,chikyuujin
野球,yakyuu
謙虚,kenkyo
虚構,kyokou
虚像,kyozou
許可,kyoka
特許,tokkyo
免許,menkyo
金魚,kingyo
人魚,ningyo
雑魚,zako
勉強,benkyou
強い,tsuyoi
強化,kyouka
教え,oshie
教育,kyouiku
教授,kyouju
故郷,furusato
郷土,kyoudo
郷里,kyouri
細菌,saikin
殺菌,sakkin
乳酸菌,nyuusankin
危惧,kigu
偶然,guuzen
配偶,haiguu
偶数,guusuu
発掘,hakkutsu
採掘,saikutsu
掘る,horu
啓発,keihatsu
啓蒙,keimou
啓示,keiji
掲載,keisai
掲出,keishutsu
掲示板,keijiban
渓谷,keikoku
渓流,keiryuu
雪渓,sekkei
経験,keiken
経済,keizai
経営,keiei
蛍光,keikou
蛍烏賊,hotaruika
健康,kenkou
健全,kenzen
保健,hoken
危険,kiken
保険,hoken
冒険,bouken
現在,genzai
表現,hyougen
現実,genjitsu
舷側,gensoku
健康,kenkou
不健康,fukenkou
小康,shoukou,lull
控え,hikae
控えめ,hikaeme
控除,koujo
梗塞,kousoku
心筋梗塞,shinkinkousoku
桔梗,kikyou
黄色,kiiro
黄金,ougon
黄色い,kiiroi
黒い,kuroi
黒人,kokujin
真っ黒,makkuro
今頃,imagoro
近頃,chikagoro
年頃,toshigoro
結婚,kekkon,marriage
結婚式,kekkonshiki
離婚,rikon,divorce
混乱,konran
混雑,konzatsu
混合,kongou
痕跡,konseki
血痕,kekkon,bloodstain
弾痕,dankon
紺色,kon'iro
紺屋,kouya,dyer
紺碧,konpeki
多彩,tasai
色彩,shikisai
彩り,irodori
採用,saiyou
採取,saishu
採択,saitaku
経済,keizai
済み,zumi
済む,sumu
祭神,saijin
祭典,saiten
後の祭り,atonomatsuri
書斎,shosai
斎場,saijou
詳細,shousai
細かい,komakai
細胞,saibou
野菜,yasai
菜の花,nanohana
白菜,hakusai
埼玉,saitama
長崎,nagasaki
川崎,kawasaki
州崎,susaki
悲惨,hisan
惨事,sanji
惨状,sanjou
生産,seisan
産業,sangyou
資産,shisan
斬新,zanshin
斬る,kiru
試し斬り,tameshigiri
視点,shiten
無視,mushi
視聴,shichou
馬鹿,baka
馬鹿馬鹿しい,bakabakashii
小馬鹿,kobaka
執筆,shippitsu
執行,shikkou
執着,shuuchaku
捨てる,suteru
使い捨て,tsukaisute
切り捨て,kirisute
容赦,yousha
恩赦,onsha
赦免,shamen
斜め,naname
斜面,shamen
傾斜,keisha
長蛇,chouda
蛇足,dasoku
蛇口,jaguchi
解釈,kaishaku
釈放,shakuhou
釈迦,shaka
寂しい,sabishii
静寂,seijaku
寂寥,sekiryou
授業,jugyou
教授,kyouju
伝授,denju
終了,shuuryou
終わり,owari
最終,saishuu
羞恥,shuuchi
羞恥心,shuuchishin
含羞,ganshuu
練習,renshuu
学習,gakushuu
習慣,shuukan
週間,shuukan
今週,konshuu
先週,senshuu
渋滞,juutai
渋い,shibui
渋々,shibushibu
宿泊,shukuhaku
宿題,shukudai
合宿,gasshuku
淑女,shukujo
私淑,shishuku
自粛,jishuku
厳粛,genshuku
静粛,seishuku
技術,gijutsu
芸術,geijutsu
手術,shujutsu
庶民,shomin
庶務,shomu
合唱,gasshou
提唱,teishou
唱える,tonaeru
商品,shouhin
商店,shouten
商売,shoubai
交渉,koushou
干渉,kanshou
渉外,shougai
文章,bunshou
楽章,gakushou
勲章,kunshou
紹介,shoukai
紹興酒,shoukoushu
訴訟,soshou
過剰,kajou
余剰,yojou
剰余,jouyo
非常,hijou
通常,tsuujou
常に,tsuneni
情報,jouhou
感情,kanjou
事情,jijou
深い,fukai
深夜,shin'ya
興味深い,kyoumibukai
紳士,shinshi
進化,shinka
進行,shinkou
進む,susumu
推進,suishin
推測,suisoku
推定,suitei
麻酔,masui
酔い,yoi
馬酔木,asebi
崇拝,suuhai
崇高,suukou
崇敬,suukei
据え置き,sueoki
見据える,misueru
据える,sueru
清水,shimizu
清掃,seisou
清潔,seiketsu
盛り上がり,moriagari
盛り,sakari
盛ん,sakan
惜しい,oshii
惜しくも,oshikumo
惜しむ,oshimu
親戚,shinseki
責任,sekinin
責め,seme
無責任,musekinin
接続,setsuzoku
直接,chokusetsu
面接,mensetsu
設定,settei
施設,shisetsu
設計,sekkei
大雪,ooyuki
雪山,yukiyama
吹雪,fubuki
旋律,senritsu
旋回,senkai
凱旋,gaisen
宇宙船,uchuusen
船長,senchou
風船,fuusen
措置,sochi
措辞,soji
措く,oku
粗末,somatsu
粗い,arai
お粗末,osomatsu
番組,bangumi
組織,soshiki
組み合わせ,kumiawase
巣立ち,sudachi
古巣,furusu
卵巣,ransou
掃除,souji
清掃,seisou
一掃,issou
軍曹,gunsou
重曹,juusou
曹洞宗,soutoushuu
爽やか,sawayaka
爽快,soukai
颯爽,sassou
窓口,madoguchi
同窓会,dousoukai
窓際,madogiwa
側面,sokumen
右側,migigawa
内側,uchigawa
家族,kazoku
民族,minzoku
水族館,suizokukan
効率,kouritsu
確率,kakuritsu
比率,hiritsu
固唾,katazu
唾液,daeki
生唾,namatsuba
堆積,taiseki
堆肥,taihi
手袋,tebukuro
福袋,fukubukuro
寝袋,nebukuro
逮捕,taiho
次第,shidai
次第に,shidaini
第三者,daisansha
脱毛,datsumou
脱出,dasshutsu
離脱,ridatsu
探す,sagasu
探偵,tantei
探索,tansaku
淡々,tantan
淡い,awai
濃淡,noutan
判断,handan
診断,shindan
決断,ketsudan
窒素,chisso
窒息,chissoku
著者,chosha
著作,chosaku
著書,chosho
手帳,techou
通帳,tsuuchou
蚊帳,kaya
主張,shuchou
緊張,kinchou
頑張り,ganbari
彫刻,choukoku
浮き彫り,ukibori
彫り,hori
眺め,nagame
眺める,nagameru
眺望,choubou
釣り,tsuri
釣果,chouka
お釣り,otsuri
頂く,itadaku
頂ける,itadakeru
山頂,sanchou
花鳥,kachou
鳥肌,torihada
白鳥,hakuchou
陳列,chinretsu
新陳代謝,shinchintaisha
陳腐,chinpu
停止,teishi
停電,teiden
バス停,basutei
探偵,tantei
偵察,teisatsu
笛吹,fuefuki
口笛,kuchibue
篠笛,shinobue
添付,tenpu
添加,tenka
添削,tensaku
運転,unten
自転車,jitensha
回転,kaiten
京都,kyouto
都市,toshi
都合,tsugou
追悼,tsuitou
哀悼,aitou
悼む,itamu
盗難,tounan
強盗,goutou
盗む,nusumu
陶器,touki
鬱陶しい,uttoushii
陶酔,tousui
活動,katsudou
移動,idou
行動,koudou
堂々,doudou
食堂,shokudou
講堂,koudou
納得,nattoku
取得,shutoku
得る,uru
豚肉,butaniku
豚まん,butaman
豚汁,tonjiru
貪欲,don'yoku
貪る,musaboru
山梨,yamanashi
洋梨,younashi
花梨,karin
柔軟,juunan
軟骨,nankotsu
軟弱,nanjaku
捻出,nenshutsu
捻挫,nenza
捻り,hineri
粘土,nendo
粘り,nebari
粘着,nenchaku
洗脳,sennou
首脳,shunou
脳裏,nouri
老婆,rouba
娑婆,shaba
婆さん,baasan
排除,haijo
排出,haishutsu
排気,haiki
失敗,shippai
腐敗,fuhai
敗戦,haisen
栽培,saibai
培養,baiyou
培う,tsuchikau
陪審,baishin
陪席,baiseki
船舶,senpaku
舶来,hakurai
販売,hanbai
市販,shihan
量販,ryouhan
投票,touhyou
伝票,denpyou
得票,tokuhyou
描く,egaku
描写,byousha
描画,byouga
子猫,koneko
野良猫,noraneko
猫背,nekoze
貧困,hinkon
貧乏,binbou
貧しい,mazushii
瓶詰め,binzume
花瓶,kabin
小瓶,kobin
夫婦,fuufu
主婦,shufu
婦人,fujin
切符,kippu
音符,onpu
符号,fugou
部分,bubun
部屋,heya
一部,ichibu
副作用,fukusayou
副業,fukugyou
副題,fukudai
閉鎖,heisa
閉店,heiten
閉じる,tojiru
偏見,henken
偏り,katayori
偏差,hensa
崩壊,houkai
崩れ,kuzure
崩れる,kuzureru
訪問,houmon
訪れ,otozure
訪れる,otozureru
希望,kibou
要望,youbou
絶望,zetsubou
堀江,horie
外堀,sotobori
堀川,horikawa
麻痺,mahi
麻薬,mayaku
麻酔,masui
秘密,himitsu
密度,mitsudo
厳密,genmitsu
業務,gyoumu
事務所,jimusho
事務,jimu
猛烈,mouretsu
猛暑,mousho
猛者,mosa
問題,mondai
質問,shitsumon
疑問,gimon
野菜,yasai
分野,bun'ya
野球,yakyuu
翻訳,hon'yaku
申し訳,moushiwake
言い訳,iiwake
唯一,yuiitsu
唯物,yuibutsu
唯々,ii
悠々,yuuyuu
悠長,yuuchou
悠久,yuukyuu
郵便,yuubin
郵送,yuusou
郵政,yuusei
凡庸,bon'you
中庸,chuuyou
欲しい,hoshii
食欲,shokuyoku
意欲,iyoku
翌日,yokujitsu
翌朝,yokuasa
翌年,yokunen
理解,rikai
理由,riyuu
管理,kanri
大陸,tairiku
陸上,rikujou
上陸,jouriku
戦略,senryaku
省略,shouryaku
中略,chuuryaku
粒子,ryuushi
大粒,ootsubu
微粒子,biryuushi
隆盛,ryuusei
隆起,ryuuki
興隆,kouryuu
涼しい,suzushii
涼しげ,suzushige
清涼,seiryou
狩猟,shuryou
猟奇,ryouki
密猟,mitsuryou
丘陵,kyuuryou
陵辱,ryoujoku
陵墓,ryoubo
累計,ruikei
累積,ruiseki
累々,ruirui
把握,haaku
握り,nigiri
握手,akushu
砂嵐,sunaarashi
青嵐,aoarashi
磁気嵐,jikiarashi
偉大,idai
偉い,erai
偉人,ijin
椅子,isu
車椅子,kurumaisu
安楽椅子,anrakuisu
飲み,nomi
飲む,nomu
飲み物,nomimono
運動,undou
運転,unten
運営,un'ei
層雲,souun
雲行き,kumoyuki
雲泥の差,undeinosa
営業,eigyou
経営,keiei
運営,un'ei
諷詠,fuuei
詠む,yomu
題詠,daiei
越し,goshi
引っ越し,hikkoshi
お越し,okoshi
才媛,saien
支援,shien
応援,ouen
援助,enjo
奥さん,okusan
奥様,okusama
奥行き,okuyuki
温泉,onsen
気温,kion
温度,ondo
渦中,kachuu
渦巻く,uzumaku
渦巻き,uzumaki
過ぎ,sugi
過去,kako
過程,katei
年賀状,nengajou
祝賀,shukuga
年賀,nenga
絵画,kaiga
絵本,ehon
絵文字,emoji
開発,kaihatsu
公開,koukai
開催,kaisai
段階,dankai
階段,kaidan
階級,kaikyuu
街道,kaidou
市街地,shigaichi
街頭,gaitou
覚え,oboe
感覚,kankaku
覚悟,kakugo
役割,yakuwari
割合,wariai
割引,waribiki
葛藤,kattou
葛根,kakkon
葛餅,kuzumochi
寒い,samui
防寒,boukan
肌寒い,hadasamui
喚起,kanki
召喚,shoukan
喚く,wameku
堪能,tannou
堪える,koraeru
堪忍,kannin
交換,koukan
変換,henkan
転換,tenkan
敢えて,aete
敢行,kankou
勇敢,yuukan
石棺,sekkan
棺桶,kan'oke
納棺,noukan
定款,teikan
約款,yakkan
落款,rakkan
時間,jikan
人間,ningen
週間,shuukan
閑散,kansan
閑話休題,kanwakyuudai
閑古鳥,kankodori
喜び,yorokobi
喜ぶ,yorokobu
歓喜,kanki
幾つ,ikutsu
幾度,ikudo
幾ら,ikura
発揮,hakki
指揮,shiki
揮発,kihatsu
期待,kitai
時期,jiki
期間,kikan
将棋,shougi
棋士,kishi
棋譜,kifu
貴重,kichou
貴方,kihou
貴族,kizoku
詐欺,sagi
欺瞞,giman
欺く,azamuku
喫煙,kitsuen
満喫,mankitsu
喫茶店,kissaten
供給,kyoukyuu
給料,kyuuryou
補給,hokyuu
距離,kyori
長距離,choukyori
遠距離,enkyori
制御,seigyo
防御,bougyo
御飯,omanma
暁星,gyousei
春暁,shungyou
積極,sekkyoku
極めて,kiwamete
極端,kyokutan
通勤,tsuukin
勤務,kinmu
出勤,shukkin
琴線,kinsen
琴瑟,kinshitsu
大正琴,taishougoto
筋肉,kinniku
腹筋,fukkin
背筋,sesuji
遭遇,souguu
優遇,yuuguu
待遇,taiguu
片隅,katasumi
隅々,sumizumi
隅っこ,sumikko
尊敬,sonkei
敬意,keii
敬遠,keien
背景,haikei
風景,fuukei
景色,keshiki
軽い,karui
気軽,kigaru
手軽,tegaru
結果,kekka
結構,kekkou
結局,kekkyoku
圏内,kennai
圏外,kengai
大気圏,taikiken
中堅,chuuken
堅苦しい,katakurushii
堅牢,kenrou
検索,kensaku
検討,kentou
検査,kensa
減少,genshou
削減,sakugen
減らす,herasu
琵琶湖,biwako
湖畔,kohan
湖面,komen
雇用,koyou
解雇,kaiko
雇う,yatou
喉元,nodomoto
耳鼻咽喉科,jibiinkouka
咽喉,inkou
恐慌,kyoukou
慌ただしい,awatadashii
慌てる,awateru
空港,kuukou
香港,honkon
漁港,gyokou
硬い,katai
硬化,kouka
硬直,kouchoku
絞り,shibori
絞る,shiboru
絞り込み,shiborikomi
項目,koumoku
事項,jikou
条項,joukou
詐欺,sagi
詐称,sashou
詐取,sashu
最近,saikin
最後,saigo
最初,saisho
裁判,saiban
裁判所,saibansho
独裁,dokusai
対策,taisaku
政策,seisaku
散策,sansaku
ポン酢,ponzu
酢豚,subuta
酢酸,sakusan
傘下,sanka
日傘,higasa
番傘,bangasa
散歩,sanpo
拡散,kakusan
解散,kaisan
紫外線,shigaisen
紫陽花,ajisai
紫色,murasakiiro
歌詞,kashi
台詞,serifu
作詞,sakushi
歯医者,haisha
歯科,shika
虫歯,mushiba
滋養,jiyou
京滋,keiji
滋味,jimi
基軸,kijiku
同軸,doujiku
地軸,chijiku
湿度,shitsudo
湿気,shikke
加湿,kashitsu
雑煮,zouni
煮込み,nikomi
煮物,nimono
就職,shuushoku
就任,shuunin
就寝,shuushin
大衆,taishuu
公衆,koushuu
衆議院,shuugiin
編集,henshuu
集め,atsume
集中,shuuchuu
循環,junkan
悪循環,akujunkan
手順,tejun
順番,junban
順調,junchou
暑い,atsui
猛暑,mousho
蒸し暑い,mushiatsui
勝手,katte
優勝,yuushou
勝ち,kachi
合掌,gasshou
掌握,shouaku
車掌,shashou
液晶,ekishou
結晶,kesshou
水晶,suishou
焼き,yaki
燃焼,nenshou
焼く,yaku
焦点,shouten
焦り,aseri
焦る,aseru
硝子,garasu
硝酸,shousan
硝煙,shouen
化粧,keshou
厚化粧,atsugeshou
雪化粧,yukigeshou
詔書,shousho
証明,shoumei
保証,hoshou
検証,kenshou
印象,inshou
対象,taishou
現象,genshou
場合,baai
場所,basho
登場,toujou
石畳,ishidatami
四畳半,yojouhan
畳む,tatamu
植物,shokubutsu
移植,ishoku
植民,shokumin
繁殖,hanshoku
増殖,zoushoku
養殖,youshoku
森林,shinrin
大森,oomori
森羅万象,shinrabanshou
診断,shindan
診察,shinsatsu
診療,shinryou
尋ね,tazune
尋ねる,tazuneru
尋常,jinjou
必須,hissu
急須,kyuusu
遂に,tsuini
遂行,suikou
遂げる,togeru
随分,zuibun
随時,zuiji
随所,zuisho
花婿,hanamuko
婿養子,mukoyoushi
素晴らしい,subarashii
晴れ,hare
素晴らしく,subarashiku
税金,zeikin
課税,kazei
増税,zouzei
絶対,zettai
絶望,zetsubou
絶妙,zetsumyou
改善,kaizen
最善,saizen
偽善,gizen
自然,shizen
当然,touzen
全然,zenzen
疎開,sokai
過疎,kaso
疎い,utoi
訴え,uttae
訴訟,soshou
訴える,uttaeru
創造,souzou
創作,sousaku
創刊,soukan
喪失,soushitsu
喪服,mofuku
喪主,moshu
痩せ,yase
痩せる,yaseru
痩身,soushin
葬儀,sougi
葬式,soushiki
火葬,kasou
実装,jissou
装着,souchaku
装備,soubi
測定,sokutei
予測,yosoku
推測,suisoku
所属,shozoku
付属,fuzoku
属性,zokusei
尊敬,sonkei
尊重,sonchou
尊厳,songen
堕落,daraku
堕胎,datai
自堕落,jidaraku
怠惰,taida
惰性,dasei
惰眠,damin
切り替え,kirikae
替え,kae
代替,daitai
貸し,kashi
賃貸,chintai
貸し出し,kashidashi
自衛隊,jieitai
部隊,butai
軍隊,guntai
友達,tomodachi
達成,tassei
達し,tasshi
本棚,hondana
書棚,shodana
棚卸,tanaoroshi
短い,mijikai
短期,tanki
短歌,tanka
爆弾,bakudan
弾き,hajiki
弾く,hajiku
遅れ,okure
遅く,osoku
遅い,osoi
到着,touchaku
装着,souchaku
着く,tsuku
貯金,chokin
貯蓄,chochiku
貯蔵,chozou
今朝,kesa
朝食,choushoku
早朝,souchou
貼付,choufu
切り貼り,kiribari
超越,chouetsu
超過,chouka
超絶,chouzetsu
椎茸,shiitake
腰椎,youtsui
椎間板,tsuikanban
痛み,itami
痛い,itai
頭痛,zutsuu
貝塚,kaizuka
一里塚,ichirizuka
堤防,teibou
防波堤,bouhatei
突堤,tottei
提供,teikyou
提案,teian
前提,zentei
程度,teido
ある程度,aruteido
過程,katei
渡し,watashi
渡す,watasu
渡り,watari
鉄塔,tettou
司令塔,shireitou
砲塔,houtou
搭載,tousai
搭乗,toujou
病棟,byoutou
棟梁,touryou
別棟,betsumune
お湯,oyu
湯船,yubune
銭湯,sentou
天然痘,tennentou
登場,toujou
登録,touroku
登山,tozan
答え,kotae
回答,kaitou
答える,kotaeru
等々,toutou
同等,doutou
平等,byoudou
封筒,fuutou
気筒,kitou
水筒,suitou
大統領,daitouryou
伝統,dentou
統合,tougou
児童,jidou
童話,douwa
童貞,doutei
報道,houdou
道路,douro
北海道,hokkaidou
鈍い,nibui
鈍感,donkan
鈍化,donka
廃棄,haiki
廃止,haishi
廃墟,haikyo
媒体,baitai
媒介,baikai
触媒,shokubai
買う,kau
買い,kai
買い物,kaimono
博士,hakase
博物館,hakubutsukan
賭博,tobaku
斑点,hanten
紫斑,shihan
斑鳩,ikaru
ご飯,gohan
夕飯,yuuhan
御飯,omanma
昨晩,sakuban
毎晩,maiban
晩年,bannen
一番,ichiban
番組,bangumi
番号,bangou
野蛮,yaban
南蛮,nanban
蛮行,bankou
悲しい,kanashii
悲劇,higeki
悲しみ,kanashimi
門扉,monpi
扉絵,tobirae
消費,shouhi
費用,hiyou
経費,keihi
準備,junbi
装備,soubi
整備,seibi
筆者,hissha
執筆,shippitsu
鉛筆,enpitsu
評価,hyouka
評判,hyouban
好評,kouhyou
豊富,houfu
富士山,fujisan
富豪,fugou
普通,futsuu
普段,fudan
普及,fukyuu
大幅,oohaba
幅広い,habahiroi
増幅,zoufuku
回復,kaifuku
復活,fukkatsu
復興,fukkou
雰囲気,fun'iki
普遍,fuhen
遍路,henro
遍歴,henreki
候補,kouho
補助,hojo
補正,hosei
募集,boshuu
応募,oubo
募金,bokin
情報,jouhou
報告,houkoku
報道,houdou
傍ら,katawara
傍観,boukan
傍聴,bouchou
帽子,boushi
脱帽,datsubou
麦わら帽子,mugiwaraboushi
相棒,aibou
泥棒,dorobou
綿棒,menbou
貿易,boueki
満足,manzoku
不満,fuman
満載,mansai
無い,nai
無理,muri
無料,muryou
比喩,hiyu
暗喩,an'yu
隠喩,in'yu
愉快,yukai
不愉快,fuyukai
愉悦,yuetsu
湧き,waki
湧く,waku
湧き水,wakimizu
猶予,yuuyo
余裕,yoyuu
裕福,yuufuku
富裕,fuyuu
遊び,asobi
遊ぶ,asobu
遊園,yuuen
英雄,eiyuu
雄大,yuudai
雄弁,yuuben
揚げ,age
高揚,kouyou
揚げ物,agemono
揺れ,yure
揺れる,yureru
動揺,douyou
言葉,kotoba
千葉,chiba
紅葉,kouyou
太陽,taiyou
太陽光,taiyoukou
陽気,youki
連絡,renraku
絡み,karami
絡む,karamu
落ち,ochi
落とし,otoshi
落ちる,ochiru
下痢,geri
赤痢,sekiri
硫黄,iou
硫酸,ryuusan
硫安,ryuuan
大量,tairyou
容量,youryou
線量,senryou
盗塁,tourui
出塁,shutsurui
満塁,manrui
核分裂,kakubunretsu
分裂,bunretsu
炸裂,sakuretsu
廊下,rouka
回廊,kairou
画廊,garou
迷惑,meiwaku
惑星,wakusei
誘惑,yuuwaku
台湾,taiwan
湾岸,wangan
港湾,kouwan
腕時計,udedokei
手腕,shuwan
右腕,migiude
可愛い,kawaii
恋愛,ren'ai
愛する,aisuru
暗い,kurai
暗号,angou
暗殺,ansatsu
語彙,goi
意味,imi
意識,ishiki
意見,iken
違う,chigau
違い,chigai
間違い,machigai
公園,kouen
幼稚園,youchien
保育園,hoikuen
喫煙,kitsuen
煙草,tabako
禁煙,kin'en
犬猿,ken'en
猿楽,sarugaku
類人猿,ruijin'en
遠く,tooku
遠い,tooi
永遠,eien
鉛筆,enpitsu
色鉛筆,iroenpitsu
亜鉛,aen
塩分,enbun
塩味,shioaji
塩焼き,shioyaki
虞美人草,gubijinsou
嫁さん,yomesan
花嫁,hanayome
転嫁,tenka
休暇,kyuuka
暇つぶし,himatsubushi
余暇,yoka
禍根,kakon
惨禍,sanka
禍々しい,magamagashii
靴下,kutsushita
長靴,nagagutsu
革靴,kawagutsu
優雅,yuuga
風雅,fuuga
雅楽,gagaku
団塊,dankai
山塊,sankai
金塊,kinkai
理解,rikai
解決,kaiketsu
解説,kaisetsu
感慨,kangai
感慨深い,kangaibukai
憤慨,fungai
頭蓋骨,zugaikotsu
頭蓋,zugai
天蓋,tengai
該当,gaitou
当該,tougai
比較,hikaku
比較的,hikakuteki
較差,kakusa
間隔,kankaku
遠隔,enkaku
隔離,kakuri
音楽,ongaku
楽しみ,tanoshimi
楽しい,tanoshii
滑り,suberi
滑らか,nameraka
滑稽,kokkei
褐色,kasshoku
茶褐色,chakasshoku
赤褐色,sekkasshoku
勧め,susume
勧誘,kan'yuu
勧告,kankoku
寛容,kan'you
寛大,kandai
寛永,kan'ei
新幹線,shinkansen
幹事,kanji
幹部,kanbu
感じ,kanji
感じる,kanjiru
感覚,kankaku
漢字,kanji
漢詩,kanshi
漢方,kanpou
頑張り,ganbari
頑張る,ganbaru
頑張れ,ganbare
廃棄,haiki
放棄,houki
破棄,haki
毀損,kison
毀誉,kiyo
廃仏毀釈,haibutsukishaku
主義,shugi
定義,teigi
講義,kougi
詰め,tsume
缶詰,kanzume
詰まり,tsumari
嗅覚,kyuukaku
嗅ぐ,kagu
企業,kigyou
作業,sagyou
事業,jigyou
僅か,wazuka
僅差,kinsa
禁止,kinshi
禁煙,kin'en
解禁,kaikin
愚痴,guchi
愚か,oroka
愚直,guchoku
洞窟,doukutsu
巣窟,soukutsu
魔窟,makutsu
抜群,batsugun
群れ,mure
症候群,shoukougun
傾向,keikou
傾き,katamuki
傾ける,katamukeru
携帯,keitai
連携,renkei
提携,teikei
継続,keizoku
中継,chuukei
継承,keishou
初詣,hatsumoude
造詣,zoukei
参詣,sankei
隙間,sukima
間隙,kangeki
空隙,kuugeki
傑作,kessaku
傑出,kesshutsu
女傑,joketsu
嫌い,kirai
機嫌,kigen
嫌悪,ken'o
貢献,kouken
文献,bunken
献金,kenkin
絹ごし,kinugoshi
絹糸,kenshi
絹織物,kinuorimono
派遣,haken
無駄遣い,mudazukai
気遣い,kizukai
電源,dengen
資源,shigen
音源,ongen
誇り,hokori
誇る,hokoru
誇張,kochou
太鼓,taiko
鼓動,kodou
鼓舞,kobu
囲碁,igo
碁盤,goban
碁石,goishi
側溝,sokkou
海溝,kaikou
地溝,chikou
鉱山,kouzan
炭鉱,tankou
鉱物,koubutsu
傲慢,gouman
傲岸,gougan
債務,saimu
国債,kokusai
債権,saiken
開催,kaisai
主催,shusai
催し,moyooshi
閉塞,heisoku
要塞,yousai
梗塞,kousoku
歳月,saigetsu
歳旦,saitan
万歳,manzai
掲載,keisai
搭載,tousai
記載,kisai
犯罪,hanzai
謝罪,shazai
罪悪,zaiaku
搾取,sakushu
搾乳,sakunyuu
搾油,sakuyu
試し,tameshi
試合,shiai
試験,shiken
詩人,shijin
詩集,shishuu
短詩,tanshi
投資,toushi
資料,shiryou
資金,shikin
飼育,shiiku
飼い主,kainushi
飼う,kau
慈善,jizen
慈悲,jihi
慈愛,jiai
辞書,jisho
辞任,jinin
辞める,yameru
嫉妬,shitto
腫れ,hare
腫瘍,shuyou
浮腫,mukumi
郷愁,kyoushuu
哀愁,aishuu
憂愁,yuushuu
報酬,houshuu
応酬,oushuu
準備,junbi
基準,kijun
標準,hyoujun
署名,shomei
部署,busho
同署,dousho
損傷,sonshou
火傷,yakedo
負傷,fushou
推奨,suishou
奨励,shourei
奨学,shougaku
参照,sanshou
照明,shoumei
対照,taishou
詳細,shousai
詳しく,kuwashiku
詳しい,kuwashii
蒸し,mushi
蒸気,jouki
水蒸気,suijouki
飾り,kazari
装飾,soushoku
飾る,kazaru
触れ,fure
触れる,fureru
感触,kanshoku
寝る,neru
昼寝,hirune
就寝,shuushin
慎重,shinchou
不謹慎,fukinshin
謹慎,kinshin
新しい,atarashii
更新,koushin
新た,arata
腎臓,jinzou
副腎,fukujin
腎盂,jin'u
睡眠,suimin
睡魔,suima
熟睡,jukusui
複数,fukusuu
数字,suuji
多数,tasuu
裾野,susono
山裾,yamasuso
姿勢,shisei
勢い,ikioi
勢力,seiryoku
聖書,seisho
神聖,shinsei
聖なる,seinaru
誠に,makotoni
誠実,seijitsu
誠意,seii
奇跡,kiseki
遺跡,iseki
追跡,tsuiseki
摂取,sesshu
摂る,toru
摂理,setsuri
季節,kisetsu
節電,setsuden
節約,setsuyaku
戦争,sensou
戦略,senryaku
挑戦,chousen
二番煎じ,nibansenji
煎餅,senbei
煎茶,sencha
羨ましい,urayamashii
羨望,senbou
羨む,urayamu
甲状腺,koujousen
涙腺,ruisen
前立腺,zenritsusen
所詮,shosen
詮索,sensaku
詮無い,sennai
実践,jissen
座禅,zazen
禅宗,zenshuu
禅僧,zensou
可塑,kaso
僧侶,souryo
小僧,kozou
僧院,souin
想像,souzou
予想,yosou
感想,kansou
海賊,kaizoku
盗賊,touzoku
烏賊,ika
接続,setsuzoku
続ける,tsuzukeru
続く,tsuzuku
損失,sonshitsu
破損,hason
損害,songai
滞在,taizai
渋滞,juutai
停滞,teitai
滝川,takigawa
滝口,takiguchi
小滝,otaki
嘆き,nageki
嘆く,nageku
感嘆,kantan
暖かい,atatakai
温暖,ondan
暖か,atataka
愚痴,guchi
音痴,onchi
痴漢,chikan
幼稚園,youchien
稚拙,chisetsu
幼稚,youchi
位置,ichi
設置,setchi
放置,houchi
蓄積,chikuseki
貯蓄,chochiku
蓄え,takuwae
大腸,daichou
胃腸,ichou
浣腸,kanchou
跳ね,hane
跳ね上がる,haneagaru
跳ねる,haneru
賃金,chingin
賃貸,chintai
家賃,yachin
競艇,kyoutei
艦艇,kantei
舟艇,shuutei
溺れる,oboreru
耽溺,tandeki
溺死,dekishi
地下鉄,chikatetsu
鉄道,tetsudou
鉄板,teppan
宮殿,kyuuden
神殿,shinden
殿堂,dendou
電話,denwa
電車,densha
電源,dengen
塗り,nuri
塗装,tosou
塗る,nuru
労働,roudou
働き,hataraki
働く,hataraku
監督,kantoku
総督,soutoku
提督,teitoku
整頓,seiton
頓挫,tonza
無頓着,mutonchaku
農業,nougyou
農家,nouka
農薬,nouyaku
砂漠,sabaku
サハラ砂漠,saharasabaku
茫漠,boubaku
鉢植え,hachiue
植木鉢,uekibachi
小鉢,kobachi
搬入,hannyuu
運搬,unpan
搬送,hansou
煩雑,hanzatsu
煩悩,bonnou
煩わしい,wazurawashii
頒布,hanpu
微妙,bimyou
微か,kasuka
微量,biryou
福岡,fukuoka
幸福,koufuku
福祉,fukushi
お腹,onaka
腹筋,fukkin
満腹,manpuku
墓参り,hakamairi
墓地,bochi
墓場,hakaba
蜂蜜,hachimitsu
蜂起,houki
蜜蜂,mitsubachi
豊か,yutaka
豊富,houfu
豊作,housaku
飽き,aki
飽きる,akiru
飽和,houwa
親睦,shinboku
和睦,waboku
字幕,jimaku
開幕,kaimaku
幕府,bakufu
夢中,muchuu
夢見,yumemi
悪夢,akumu
同盟,doumei
連盟,renmei
加盟,kamei
消滅,shoumetsu
滅多,metta
壊滅,kaimetsu
名誉,meiyo
栄誉,eiyo
不名誉,fumeiyo
預け,azuke
預金,yokin
預かり,azukari
溶融,youyuu
溶ける,tokeru
溶接,yousetsu
腰痛,youtsuu
腰掛け,koshikake
足腰,ashikoshi
全裸,zenra
裸足,hadashi
赤裸々,sekirara
雷神,raijin
地雷,jirai
雷雨,raiu
酪農,rakunou
乾酪,kanraku
牛酪,gyuuraku
裏側,uragawa
脳裏,nouri
裏面,rimen
戦慄,senritsu
慄然,ritsuzen
捕虜,horyo
俘虜,furyo
風鈴,fuurin
鈴虫,suzumushi
呼び鈴,yobirin
零細,reisai
零余子,mukago
零れ,kobore
廉価,renka
破廉恥,harenchi
清廉,seiren
賄賂,wairo
道路,douro
回路,kairo
路線,rosen
鐘楼,shourou
蜃気楼,shinkirou
摩天楼,matenrou
電話,denwa
お話,ohanashi
話題,wadai
賄賂,wairo
賄う,makanau
賄い,makanai
維持,iji
繊維,sen'i
明治維新,meijiishin
隠し,kakushi
隠れ,kakure
隠す,kakusu
駅前,ekimae
最寄り駅,moyorieki
駅員,ekiin
演奏,ensou
出演,shutsuen
演出,enshutsu
寡黙,kamoku
寡占,kasen
寡聞,kabun
歌詞,kashi
歌う,utau
歌手,kashu
箇所,kasho
箇条,kajou
概念,gainen
概要,gaiyou
概ね,oomune
内閣,naikaku
閣僚,kakuryou
閣議,kakugi
慣れ,nare
習慣,shuukan
慣れる,nareru
管理,kanri
保管,hokan
血管,kekkan
関係,kankei
に関して,nikanshite
関連,kanren
国旗,kokki
旗艦,kikan
旗手,kishu
疑問,gimon
容疑,yougi
疑い,utagai
漁師,ryoushi
漁業,gyogyou
漁船,gyosen
環境,kankyou
国境,kokkyou
境界,kyoukai
銀行,ginkou
銀座,ginza
銀河,ginga
駆使,kushi
駆動,kudou
駆け,kake
白熊,shirokuma
小熊,koguma
熊手,kumade
英語,eigo
日本語,nihongo
物語,monogatari
誤解,gokai
試行錯誤,shikousakugo
誤り,ayamari
結構,kekkou
構成,kousei
構造,kouzou
横綱,yokozuna
綱渡り,tsunawatari
大綱,taikou
発酵,hakkou
酵母,koubo
酵素,kouso
豪華,gouka
富豪,fugou
豪雨,gouu
穀物,kokumotsu
雑穀,zakkoku
脱穀,dakkoku
酷い,hidoi
過酷,kakoku
残酷,zankoku
地獄,jigoku
脱獄,datsugoku
投獄,tougoku
入魂,nyuukon
霊魂,reikon
大和魂,yamatodamashii
実際,jissai
国際,kokusai
間際,magiwa
警察,keisatsu
観察,kansatsu
診察,shinsatsu
雑誌,zasshi
複雑,fukuzatsu
雑貨,zakka
計算,keisan
予算,yosan
換算,kansan
酸素,sanso
酸味,sanmi
炭酸,tansan
雑誌,zasshi
誌上,shijou
誌面,shimen
雌雄,shiyuu
雌花,mebana
雌牛,meushi
電磁波,denjiha
磁気,jiki
磁石,jishaku
漆黒,shikkoku
漆器,shikki
乾漆,kanshitsu
遮断,shadan
遮蔽,shahei
遮る,saegiru
種類,shurui
機種,kishu
各種,kakushu
需要,juyou
必需,hitsuju
需給,jukyuu
銃撃,juugeki
拳銃,kenjuu
銃弾,juudan
塾生,jukusei
塾長,jukuchou
入塾,nyuujuku
一緒,issho
内緒,naisho
情緒,joucho
表彰,hyoushou
表彰台,hyoushoudai
顕彰,kenshou
障害,shougai
故障,koshou
支障,shishou
精神,seishin
精度,seido
精一杯,seiippai
製品,seihin
製作,seisaku
製造,seizou
誓い,chikai
誓う,chikau
誓約,seiyaku
静か,shizuka
冷静,reisei
静岡,shizuoka
説明,setsumei
小説,shousetsu
解説,kaisetsu
処方箋,shohousen
付箋,fusen
便箋,binsen
金銭,kinsen
小銭,kozeni
銭湯,sentou
漸く,youyaku
漸進,zenshin
漸次,zenji
遡る,sakanoboru
遡及,sokyuu
一層,issou
階層,kaisou
高層,kousou
総合,sougou
総理,souri
総務,soumu
遭遇,souguu
遭難,sounan
画像,gazou
想像,souzou
映像,eizou
増える,fueru
増加,zouka
増やし,fuyashi
憎しみ,nikushimi
生憎,ainiku
憎悪,zouo
遜色,sonshoku
謙遜,kenson
不遜,fuson
無駄,muda
駄目,dame
無駄遣い,mudazukai
状態,joutai
事態,jitai
態度,taido
奪う,ubau
略奪,ryakudatsu
剥奪,hakudatsu
端末,tanmatsu
極端,kyokutan
中途半端,chuutohanpa
破綻,hatan
綻び,hokorobi
嫡子,chakushi
嫡出,chakushutsu
特徴,tokuchou
象徴,shouchou
徴収,choushuu
漬け,zuke
漬物,tsukemono
塩漬け,shiozuke
指摘,shiteki
摘み,tsumami
摘出,tekishutsu
点滴,tenteki
水滴,suiteki
滴り,shitatari
適当,tekitou
適用,tekiyou
快適,kaiteki
早稲田,waseda
稲荷,inari
稲刈り,inekari
銅像,douzou
銅メダル,doumedaru
青銅,seidou
道徳,doutoku
悪徳,akutoku
美徳,bitoku
読み,yomi
読む,yomu
読者,dokusha
確認,kakunin
認識,ninshiki
認め,mitome
丁寧,teinei
寧ろ,mushiro
安寧,annei
髪の毛,kaminoke
金髪,kinpatsu
前髪,maegami
罰金,bakkin
罰則,bassoku
処罰,shobatsu
派閥,habatsu
財閥,zaibatsu
学閥,gakubatsu
石碑,sekihi
句碑,kuhi
墓碑,bohi
鼻水,hanamizu
鼻血,hanaji
鼻歌,hanauta
漂う,tadayou
漂流,hyouryuu
漂泊,hyouhaku
豆腐,toufu
腐敗,fuhai
陳腐,chinpu
複数,fukusuu
複雑,fukuzatsu
複合,fukugou
聞く,kiku
聞き,kiki
新聞,shinbun
軽蔑,keibetsu
蔑ろ,naigashiro
侮蔑,bubetsu
思慕,shibo
慕う,shitau
慕情,bojou
暮らし,kurashi
暮らす,kurasu
暮れ,kure
変貌,henbou
全貌,zenbou
風貌,fuubou
僕ら,bokura
僕たち,bokutachi
下僕,geboku
お墨付き,osumitsuki
墨画,bokuga
水墨,suiboku
網膜,moumaku
角膜,kakumaku
鼓膜,komaku
我慢,gaman
自慢,jiman
慢性,mansei
漫画,manga
漫才,manzai
浪漫,rouman
蜂蜜,hachimitsu
蜜柑,mikan
蜜蜂,mitsubachi
銘柄,meigara
感銘,kanmei
正真正銘,shoushinshoumei
鳴る,naru
鳴り,nari
耳鳴り,miminari
綿密,menmitsu
木綿,momen
綿棒,menbou
規模,kibo
模様,moyou
模索,mosaku
網膜,moumaku
網羅,moura
網戸,amido
誘導,yuudou
勧誘,kan'yuu
誘い,sasoi
様子,yousu
様々,samazama
同様,douyou
腫瘍,shuyou
胃潰瘍,ikaiyou
潰瘍,kaiyou
踊り,odori
踊る,odoru
盆踊り,bon'odori
辛辣,shinratsu
悪辣,akuratsu
同僚,douryou
官僚,kanryou
閣僚,kakuryou
大統領,daitouryou
領域,ryouiki
要領,youryou
緑色,midoriiro
緑茶,ryokucha
緑内障,ryokunaishou
浄瑠璃,joururi
瑠璃,ruri
人形浄瑠璃,ningyoujoururi
還暦,kanreki
西暦,seireki
旧暦,kyuureki
歴史,rekishi
履歴,rireki
経歴,keireki
練習,renshuu
訓練,kunren
洗練,senren
漏れ,more
漏洩,rouei
漏れる,moreru
慰め,nagusame
慰安,ian
慰霊,irei
遺伝子,idenshi
遺産,isan
遺跡,iseki
影響,eikyou
撮影,satsuei
悪影響,akueikyou
鋭い,surudoi
新鋭,shin'ei
精鋭,seiei
謁見,ekken
拝謁,haietsu
閲覧,etsuran
検閲,ken'etsu
閲読,etsudoku
無縁,muen
縁起,engi
絶縁,zetsuen
横浜,yokohama
横断,oudan
横目,yokome
億劫,okkuu
億ション,okushon
稼働,kadou
稼ぐ,kasegu
稼ぎ,kasegi
課題,kadai
課税,kazei
課金,kakin
飢餓,kiga
餓死,gashi
餓鬼,gaki
潰す,tsubusu
潰れる,tsubureru
胃潰瘍,ikaiyou
確認,kakunin
確か,tashika
確実,kakujitsu
新潟,niigata
干潟,higata
歓迎,kangei
歓声,kansei
歓喜,kanki
監督,kantoku
監視,kanshi
監査,kansa
緩和,kanwa
緩やか,yuruyaka
緩い,yurui
武器,buki
機器,kiki
楽器,gakki
近畿,kinki
畿内,kinai
輝き,kagayaki
輝く,kagayaku
輝度,kido
儀式,gishiki
葬儀,sougi
余儀なく,yoginaku
戯れ,tawamure
遊戯,yuugi
戯言,tawagoto
窮屈,kyuukutsu
困窮,konkyuu
窮地,kyuuchi
緊張,kinchou
緊急,kinkyuu
緊迫,kinpaku
勲章,kunshou
叙勲,jokun
慶応,keiou
弁慶,benkei
内弁慶,uchibenkei
憧憬,doukei
稽古,keiko
滑稽,kokkei
荒唐無稽,koutoumukei
劇場,gekijou
悲劇,higeki
演劇,engeki
攻撃,kougeki
衝撃,shougeki
目撃,mokugeki
簡潔,kanketsu
清潔,seiketsu
高潔,kouketsu
政権,seiken
権利,kenri
権力,kenryoku
投稿,toukou
原稿,genkou
寄稿,kikou
手駒,tegoma
撮影,satsuei
撮り,dori
撮る,toru
賛成,sansei
賛同,sandou
絶賛,zessan
暫く,shibaraku
暫定,zantei
暫し,shibashi
真摯,shinshi
賜物,tamamono
恩賜,onshi
下賜,kashi
餌食,ejiki
食餌,shokuji
餌付け,ezuke
質問,shitsumon
物質,busshitsu
本質,honshitsu
趣味,shumi
趣旨,shushi
趣向,shukou
成熟,seijuku
未熟,mijuku
熟練,jukuren
潤い,uruoi
利潤,rijun
潤沢,juntaku
遵守,junshu
遵法,junpou
諸国,shokoku
諸々,moromoro
諸君,shokun
憧れ,akogare
憧れる,akogareru
憧憬,doukei
衝撃,shougeki
衝突,shoutotsu
衝動,shoudou
鑑賞,kanshou
受賞,jushou
入賞,nyuushou
沖縄,okinawa
縄文,joumon
一筋縄,hitosujinawa
委嘱,ishoku
嘱託,shokutaku
嘱望,shokubou
審査,shinsa
審議,shingi,deliberation
審判,shinpan
地震,jishin
震災,shinsai
大震災,daishinsai
稲穂,inaho
穂先,hosaki
花穂,kasui,spike
申請,shinsei
請求,seikyuu
要請,yousei
潜在,senzai
潜入,sennyuu
潜む,hisomu
放射線,houshasen
無線,musen
線量,senryou
遷移,sen'i,transition
変遷,hensen
遷都,sento
選択,sentaku
選手,senshu
選挙,senkyo
水槽,suisou
浴槽,yokusou
歯槽,shisou
失踪,shissou
冷蔵庫,reizouko
内蔵,naizou
貯蔵,chozou
承諾,shoudaku
許諾,kyodaku
快諾,kaidaku
誰か,dareka
誰々,daredare
誰彼,darekare
誕生,tanjou
生誕,seitan
誕生石,tanjouseki
相談,soudan
冗談,joudan
余談,yodan
鋳造,chuuzou
鋳型,igata
鋳物,imono
駐車,chuusha
駐在,chuuzai
常駐,jouchuu
自嘲,jichou
嘲笑,choushou
嘲る,azakeru
風潮,fuuchou
潮流,chouryuu
最高潮,saikouchou
清澄,seichou
澄ます,sumasu
澄む,sumu
調べ,shirabe
調査,chousa
調整,chousei
墜落,tsuiraku
撃墜,gekitsui
失墜,shittsui
締め,shime
締め切り,shimekiri
取締役,torishimariyaku
素敵,suteki
匹敵,hitteki
無敵,muteki
徹底的,tetteiteki
徹底,tettei
徹夜,tetsuya
撤退,tettai
撤去,tekkyo
撤収,tesshuu
踏む,fumu
踏み出し,fumidashi
足踏み,ashibumi
導入,dounyuu
指導,shidou
誘導,yuudou
熱い,atsui
熱心,nesshin
情熱,jounetsu
罵倒,batou
罵声,basei
罵り,nonoshiri
先輩,senpai
後輩,kouhai
我輩,wagahai
賠償,baishou
ゴミ箱,gomibako
箱庭,hakoniwa
箱詰め,hakozume
割り箸,waribashi
箸休め,hashiyasume
菜箸,saibashi
範囲,han'i
広範囲,kouhan'i
範疇,hanchuu
基盤,kiban
中盤,chuuban
終盤,shuuban
罷免,himen
膝元,hizamoto
膝枕,hizamakura
膝下,hizashita
目標,mokuhyou
標準,hyoujun
指標,shihyou
来賓,raihin
主賓,shuhin
賓客,hinkyaku
敷地,shikichi
屋敷,yashiki
敷居,shikii
皮膚,hifu
完膚,kanpu
割賦,kappu
天賦,tenpu
賦活,fukatsu
舞台,butai
見舞い,mimai
振る舞い,furumai
噴火,funka
噴水,funsui
噴出,funshutsu
古墳,kofun
前方後円墳,zenpoukouenfun
墳墓,funbo
憤り,ikidoori
憤慨,fungai
鬱憤,uppun
貨幣,kahei
紙幣,shihei
幣帛,heihaku
弊社,heisha
弊害,heigai
疲弊,hihei
隠蔽,inpei
遮蔽,shahei
桜餅,sakuramochi
草餅,kusamochi
鏡餅,kagamimochi
編集,henshuu
再編,saihen
編成,hensei
店舗,tenpo
老舗,shinise
舗装,hosou
褒美,houbi
褒める,homeru
褒貶,houhen
暴力,bouryoku
暴走,bousou
乱暴,ranbou
相撲,sumou
大相撲,oozumou
撲滅,bokumetsu
摩擦,masatsu
あん摩,anma
摩訶不思議,makafushigi
魅力,miryoku
魅了,miryou
魅惑,miwaku
沈黙,chinmoku
暗黙,anmoku
寡黙,kamoku
憂鬱,yuuutsu
憂い,ui
憂愁,yuushuu
石窯,ishigama
窯業,yougyou
栄養,eiyou
養成,yousei
教養,kyouyou
履歴,rireki
履く,haku
履修,rishuu
浄瑠璃,joururi
瑠璃,ruri
人形浄瑠璃,ningyoujoururi
考慮,kouryo
配慮,hairyo
遠慮,enryo
学寮,gakuryou
全寮,zenryou
入寮,nyuuryou
指輪,yubiwa
五輪,gorin
輪郭,rinkaku
幽霊,yuurei
霊的,reiteki
亡霊,bourei
議論,giron
結論,ketsuron
論文,ronbun
経緯,ikisatsu
緯度,ido
北緯,hokui
防衛,bouei
自衛隊,jieitai
衛生,eisei
記憶,kioku
憶測,okusoku
追憶,tsuioku
穏やか,odayaka
平穏,heion
穏健,onken
破壊,hakai
崩壊,houkai
壊滅,kaimetsu
懐かしい,natsukashii
懐かし,natsukashi
懐中,kaichuu
俳諧,haikai
諧謔,kaigyaku
諧調,kaichou
残骸,zangai
死骸,shigai
亡骸,nakigara
獲得,kakutoku
捕獲,hokaku
獲物,emono
遺憾,ikan
還元,kangen
帰還,kikan
返還,henkan
図書館,toshokan
美術館,bijutsukan
博物館,hakubutsukan
機能,kinou
機会,kikai
機関,kikan
新橋,shinbashi
石橋,ishibashi
桟橋,sanbashi
凝縮,gyoushuku
凝り,shikori
凝視,gyoushi
錦織,nishikiori
錦絵,nishikie
錦鯉,nishikigoi
薫風,kunpuu
薫製,kunsei
薫陶,kuntou
休憩,kyuukei
憩い,ikoi
刺激,shigeki
激しい,hageshii
感激,kangeki
憲法,kenpou
改憲,kaiken
違憲,iken
賢い,kashikoi
賢明,kenmei
賢者,kenja
禁錮,kinko
興味,kyoumi
復興,fukkou
興奮,koufun
均衡,kinkou
平衡,heikou
度量衡,doryoukou
鋼鉄,koutetsu
鉄鋼,tekkou
鋼板,kouhan
開墾,kaikon
試行錯誤,shikousakugo
錯覚,sakkaku
錯誤,sakugo
諮問,shimon
諮る,hakaru
儒教,jukyou
儒学,jugaku
儒者,jusha
樹脂,jushi
樹木,jumoku
樹立,juritsu
怪獣,kaijuu
獣医,juui
野獣,yajuu
操縦,soujuu
縦横,juuou
縦長,tatenaga
土壌,dojou
平壌,pyon'yan
お嬢さん,ojousan
お嬢様,ojousama
令嬢,reijou
錠剤,jouzai
手錠,tejou
施錠,sejou
薪割り,makiwari
両親,ryoushin
母親,hahaoya
父親,chichioya
調整,chousei
整理,seiri
整備,seibi
覚醒,kakusei
覚醒剤,kakuseizai
興醒め,kyouzame
積極,sekkyoku
蓄積,chikuseki
面積,menseki
推薦,suisen
自薦,jisen
他薦,tasen
御膳,gozen
お膳立て,ozendate
配膳,haizen
操作,sousa
体操,taisou
操縦,soujuu
濁り,nigori
濁流,dakuryuu
濁世,dakuse
俳壇,haidan
登壇,toudan
花壇,kadan
緻密,chimitsu
精緻,seichi
巧緻,kouchi
建築,kenchiku
構築,kouchiku
築く,kizuku
諦め,akirame
諦める,akirameru
諦観,teikan
賭け,kake
賭博,tobaku
賭ける,kakeru
糖尿,tounyou
砂糖,satou
血糖,kettou
頭痛,zutsuu
冒頭,boutou
店頭,tentou
篤志,tokushi
危篤,kitoku
篤実,tokujitsu
曇り,kumori
曇り空,kumorizora
曇天,donten
燃料,nenryou
燃焼,nenshou
燃費,nenpi
濃い,koi
濃度,noudo
濃厚,noukou
薄い,usui
薄め,usume
薄暗い,usugurai
縛り,shibari
束縛,sokubaku
呪縛,jubaku
頻繁,hinpan
繁殖,hanshoku
繁栄,han'ei
避難,hinan
回避,kaihi
避ける,sakeru
興奮,koufun
奮闘,funtou
奮発,funpatsu
壁紙,kabegami
障壁,shouheki
外壁,gaiheki
縫製,housei
縫い,nui
手縫い,tenui
膨大,boudai
膨らみ,fukurami
膨張,bouchou
陰謀,inbou
無謀,mubou
謀略,bouryaku
磨き,migaki
磨く,migaku
歯磨き,hamigaki
麺類,menrui
素麺,soumen
麺棒,menbou
農薬,nouyaku
麻薬,mayaku
薬局,yakkyoku
諭吉,yukichi
教諭,kyouyu
諭し,satoshi
輸入,yunyuu
輸出,yushutsu
輸送,yusou
金融,kin'yuu
融合,yuugou
融資,yuushi
擁護,yougo
抱擁,houyou
擁する,yousuru
歌謡,kayou
民謡,min'you
童謡,douyou
信頼,shinrai
依頼,irai
頼り,tayori
近隣,kinrin
隣接,rinsetsu
隣人,rinjin
奴隷,dorei
隷属,reizoku
隷書,reisho
鍛錬,tanren
錬金術,renkinjutsu
精錬,seiren
登録,touroku
記録,kiroku
収録,shuuroku
曖昧,aimai
臆病,okubyou
臆病者,okubyoumono
臆面,okumen
威嚇,ikaku
管轄,kankatsu
直轄,chokkatsu
所轄,shokatsu
環境,kankyou
循環,junkan
一環,ikkan
模擬,mogi
擬音,gion
擬人,gijin
犠牲,gisei
矯正,kyousei
奇矯,kikyou
不謹慎,fukinshin
謹製,kinsei
謹んで,tsutsushinde
謙虚,kenkyo
謙遜,kenson
謙譲,kenjou
鍵盤,kenban
打鍵,daken
合鍵,aikagi
厳しい,kibishii
厳密,genmitsu
厳選,gensen
講演,kouen
講義,kougi
講座,kouza
購入,kounyuu
購買,koubai
購読,koudoku
懇親,konshin
懇談,kondan
懇願,kongan
摩擦,masatsu
擦り,kosuri
擦れ,sure
感謝,kansha
代謝,taisha
謝罪,shazai
伯爵,hakushaku
男爵,danshaku
侯爵,koushaku
醜い,minikui
醜悪,shuuaku
醜態,shuutai
縮小,shukushou
圧縮,asshuku
短縮,tanshuku
無償,mushou
補償,hoshou
賠償,baishou
環礁,kanshou
サンゴ礁,sangoshou
岩礁,ganshou
実績,jisseki
成績,seiseki
業績,gyouseki
繊細,sensai
繊維,sen'i
繊毛,senmou
新鮮,shinsen
北朝鮮,kitachousen
朝鮮,chousen
乾燥,kansou
焦燥,shousou
霜降り,shimofuri
霜夜,shimoyo
水霜,mizujimo
頂戴,choudai
不倶戴天,fugutaiten
戴冠,taikan
洗濯,sentaku
鍛え,kitae
鍛える,kitaeru
鍛錬,tanren
視聴,shichou
試聴,shichou
聴衆,choushuu
謄本,touhon
瞳孔,doukou
謎々,nazonazo
土鍋,donabe
お鍋,onabe
鍋物,nabemono
頻繁,hinpan
頻度,hindo
頻発,hinpatsu
暗闇,kurayami
闇雲,yamikumo
無闇,muyami
優先,yuusen
優勝,yuushou
俳優,haiyuu
左翼,sayoku
右翼,uyoku
一翼,ichiyoku
ご覧,goran
閲覧,etsuran
一覧,ichiran
治療,chiryou
医療,iryou
療法,ryouhou
一目瞭然,ichimokuryouzen
明瞭,meiryou
不明瞭,fumeiryou
年齢,nenrei
高齢,kourei
老齢,rourei
収穫,shuukaku
金額,kingaku
高額,kougaku
総額,sougaku
顎骨,gakkotsu
上顎,uwaago
鎌倉,kamakura
簡単,kantan
簡易,kan'i
簡潔,kanketsu
観光,kankou
観察,kansatsu
観客,kankyaku
大韓航空,taikankoukuu
大韓民国,daikanminkoku
訪韓,houkan
笑顔,egao
美顔,bigan
洗顔,sengan
騎士,kishi
騎手,kishu
騎乗,kijou
襟元,erimoto
襟足,eriashi
襟ぐり,eriguri
顕著,kencho
顕在,kenzai
顕微鏡,kenbikyou
経験,keiken
体験,taiken
試験,shiken
閉鎖,heisa
連鎖,rensa
封鎖,fuusa
瞬間,shunkan
一瞬,isshun
瞬時,shunji
組織,soshiki
織り,ori
織物,orimono
職場,shokuba
就職,shuushoku
職員,shokuin
修繕,shuuzen
取り繕う,toritsukurou
繕い,tsukuroi
基礎,kiso
礎石,soseki
騒ぎ,sawagi
大騒ぎ,oosawagi
騒音,souon
贈り物,okurimono
贈る,okuru
寄贈,kizou
問題,mondai
話題,wadai
課題,kadai
懲戒,choukai
懲役,choueki
懲罰,choubatsu
鎮座,chinza
重鎮,juuchin
鎮痛,chintsuu
葛藤,kattou
藤本,touhon
藤棚,fujidana
戦闘,sentou
格闘,kakutou
闘争,tousou
難しい,muzukashii
避難,hinan
困難,konnan
藩主,hanshu
藩士,hanshi
脱藩,dappan
覆い,ooi
覆う,oou
覆す,kutsugaesu
完璧,kanpeki
双璧,souheki
口癖,kuchiguse
難癖,nankuse
潔癖,keppeki
翻訳,hon'yaku
翻弄,honrou
翻って,hirugaette
癒し,iyashi
治癒,chiyu
癒す,iyasu
土曜日,doyoubi
日曜日,nichiyoubi
金曜日,kin'youbi
氾濫,hanran
濫造,ranzou
伽藍,garan
藍色,aiiro
食糧,shokuryou
兵糧,hyourou
臨時,rinji
臨床,rinshou
臨場,rinjou
種類,shurui
人類,jinrui
書類,shorui
余韻,yoin
韻文,inbun
韻律,inritsu
妖艶,youen
お願い,onegai
願い,negai
願う,negau
眼鏡,megane
望遠鏡,bouenkyou
顕微鏡,kenbikyou
繰り返し,kurikaeshi
繰り返す,kurikaesu
繰り出す,kuridasu
警察,keisatsu
警告,keikoku
警戒,keikai
鶏肉,toriniku
鶏頭,keitou
養鶏,youkei
捕鯨,hogei
鯨油,geiyu
鯨波,geiha
意識,ishiki
認識,ninshiki
知識,chishiki
蹴り,keri
蹴る,keru
一蹴,isshuu
骨髄,kotsuzui
脊髄,sekizui
脳髄,nouzui
年の瀬,toshinose
瀬戸内海,setonaikai
瀬戸,seto
海藻,kaisou
玉藻,tamamo
藻屑,mokuzu
心臓,shinzou
肝臓,kanzou
内臓,naizou
制覇,seiha
覇権,haken
覇者,hasha
爆発,bakuhatsu
被爆,hibaku
爆弾,bakudan
楽譜,gakufu
年譜,nenpu
新譜,shinpu
名簿,meibo
簿記,boki
帳簿,choubo
霧雨,kirisame
朝霧,asagiri
濃霧,noumu
網羅,moura
羅列,raretsu
修羅,shura
離れ,banare
距離,kyori
分離,bunri
綺麗,kirei
華麗,karei
美麗,birei
山麓,sanroku
不思議,fushigi
議論,giron
会議,kaigi
競争,kyousou
競技,kyougi
競馬,keiba
影響,eikyou
響き,hibiki
音響,onkyou
一生懸命,いっしょうけんめい
懸念,けねん
懸命,けんめい
保護,ほご
看護,かんご
弁護士,べんごし
警鐘,けいしょう
鐘楼,しょうろう
除夜の鐘,じょやのかね
譲渡,じょうと
譲り,ゆずり
譲る,ゆずる
醸造,じょうぞう
醸成,じょうせい
醸し出す,かもしだす
書籍,しょせき
国籍,こくせき
移籍,いせき
沸騰,ふっとう
高騰,こうとう
急騰,きゅうとう
空欄,くうらん
欄干,らんかん
戦艦,せんかん
母艦,ぼかん
艦隊,かんたい
顧客,こきゃく
顧問,こもん
顧み,かえりみ
真鶴,まなづる
千羽鶴,せんばづる
邪魔,じゃま
魔法,まほう
悪魔,あくま
活躍,かつやく
飛躍,ひやく
躍進,やくしん
披露,ひろう
露出,ろしゅつ
披露宴,ひろうえん
驚き,おどろき
驚く,おどろく
驚異,きょうい
襲撃,しゅうげき
世襲,せしゅう
襲う,おそう
印籠,いんろう
尾籠,びろう
鑑賞,かんしょう
図鑑,ずかん
鑑定,かんてい
憂鬱,ゆううつ
鬱陶しい,うっとうしい
陰鬱,いんうつ
